latitude,longitude,brightness,scan,track,acq_date,acq_time,satellite,instrument,confidence,version,bright_t31,frp,daynight,type
-11.4887,-54.0285,508.6,1.5,1.2,2021-06-29,1734,Aqua,MODIS,100,6.03,340.0,3198.4,D,0
-11.4865,-54.0151,507.7,1.5,1.2,2021-06-29,1734,Aqua,MODIS,100,6.03,333.7,3171.4,D,0
-10.094,-52.7426,507.6,1.0,1.0,2021-06-01,1710,Aqua,MODIS,100,6.03,400.1,1795.3,D,0
-6.8534,-59.2653,507.6,1.1,1.0,2021-08-09,1730,Aqua,MODIS,100,6.03,400.1,1958.4,D,0
-11.5651,-43.3923,507.6,1.1,1.1,2021-09-20,1627,Aqua,MODIS,100,6.03,400.1,2115.1,D,0
-11.522,-43.4117,507.3,3.2,1.7,2021-09-21,1710,Aqua,MODIS,100,6.03,400.1,9612.1,D,0
-11.3493,-43.6097,506.3,1.1,1.1,2021-10-06,1627,Aqua,MODIS,100,6.03,400.1,2121.9,D,0
-15.0691,-43.1825,505.6,1.0,1.0,2021-09-18,1638,Aqua,MODIS,100,6.03,400.1,1728.8,D,0
-19.8018,-57.2323,505.5,1.0,1.0,2021-08-07,1738,Aqua,MODIS,100,6.03,400.1,1752.7,D,0
-6.5689,-53.2179,505.5,1.3,1.1,2021-08-06,1659,Aqua,MODIS,100,6.03,341.0,2490.7,D,0
-6.457,-53.3643,505.4,1.3,1.1,2021-08-06,1659,Aqua,MODIS,100,6.03,400.1,2550.8,D,0
-11.4966,-43.4619,505.2,1.8,1.3,2021-09-22,1615,Aqua,MODIS,100,6.03,400.1,4015.2,D,0
-11.3369,-43.5903,505.1,1.1,1.1,2021-10-06,1627,Aqua,MODIS,100,6.03,400.1,2088.1,D,0
-8.9838,-65.9438,504.8,1.2,1.1,2021-08-05,1754,Aqua,MODIS,100,6.03,400.1,2166.4,D,0
-11.526,-43.4161,504.6,3.2,1.7,2021-09-21,1710,Aqua,MODIS,100,6.03,400.1,9254.0,D,0
-4.2057,-53.4966,504.5,1.1,1.0,2021-10-16,1706,Aqua,MODIS,100,6.03,333.7,1850.4,D,0
-8.1709,-55.4431,504.3,1.2,1.1,2021-08-04,1711,Aqua,MODIS,100,6.03,400.1,2202.8,D,0
-11.3397,-43.6112,504.3,1.1,1.1,2021-10-06,1627,Aqua,MODIS,100,6.03,400.1,2072.1,D,0
-6.4452,-53.3539,504.2,1.3,1.1,2021-08-06,1659,Aqua,MODIS,100,6.03,336.4,2503.1,D,0
-8.9742,-65.9452,504.1,1.2,1.1,2021-08-05,1754,Aqua,MODIS,100,6.03,400.1,2145.6,D,0
-20.1472,-57.5908,504.1,2.1,1.4,2021-09-20,1803,Aqua,MODIS,100,6.03,400.1,4814.4,D,0
-11.4987,-43.4782,504.1,1.8,1.3,2021-09-22,1615,Aqua,MODIS,100,6.03,400.1,3968.8,D,0
-11.3355,-43.5799,503.8,1.1,1.1,2021-10-06,1627,Aqua,MODIS,100,6.03,400.1,2046.5,D,0
-11.3383,-43.6007,503.8,1.1,1.1,2021-10-06,1627,Aqua,MODIS,100,6.03,400.1,2051.9,D,0
-6.4163,-53.3699,503.7,1.3,1.1,2021-08-06,1659,Aqua,MODIS,100,6.03,400.1,2490.4,D,0
-9.8924,-43.7024,503.6,1.1,1.1,2021-09-20,1627,Aqua,MODIS,100,6.03,400.1,1984.3,D,0
-15.0601,-43.1839,503.5,1.0,1.0,2021-09-18,1638,Aqua,MODIS,100,6.03,400.1,1674.3,D,0
-21.7964,-57.9066,503.4,1.2,1.1,2021-08-21,1750,Aqua,MODIS,0,6.03,400.1,2096.4,D,0
-9.8938,-43.7126,503.4,1.1,1.1,2021-09-20,1627,Aqua,MODIS,100,6.03,400.1,1985.8,D,0
-11.3997,-43.6416,503.4,1.0,1.0,2021-10-04,1639,Aqua,MODIS,100,6.03,400.1,1701.8,D,0
-11.3507,-43.6202,503.1,1.1,1.1,2021-10-06,1627,Aqua,MODIS,100,6.03,400.1,2029.3,D,0
-8.1791,-55.431,503.0,1.2,1.1,2021-08-04,1711,Aqua,MODIS,100,6.03,400.1,2155.9,D,0
-6.6078,-58.666,503.0,1.5,1.2,2021-08-11,1718,Aqua,MODIS,100,6.03,400.1,2877.3,D,0
-11.3983,-43.6324,502.9,1.0,1.0,2021-10-04,1639,Aqua,MODIS,100,6.03,400.1,1686.9,D,0
-8.9853,-65.9545,502.9,1.2,1.1,2021-08-05,1754,Aqua,MODIS,100,6.03,340.6,2110.2,D,0
-11.3589,-43.6084,502.8,1.1,1.1,2021-10-06,1627,Aqua,MODIS,100,6.03,400.1,2010.9,D,0
-11.3956,-43.614,502.7,1.0,1.0,2021-10-04,1639,Aqua,MODIS,100,6.03,400.1,1682.6,D,0
-11.3943,-43.6048,502.7,1.0,1.0,2021-10-04,1639,Aqua,MODIS,100,6.03,400.1,1682.7,D,0
-3.4591,-50.7223,502.7,1.1,1.0,2021-10-16,1706,Aqua,MODIS,100,6.03,327.4,1812.8,D,0
-8.5887,-67.1298,502.6,1.8,1.3,2021-08-14,1748,Aqua,MODIS,100,6.03,329.0,3797.8,D,0
-2.8188,-52.9359,502.6,1.8,1.3,2021-09-25,1648,Aqua,MODIS,100,6.03,308.6,3873.5,D,0
-7.2262,-59.449,502.5,1.0,1.0,2021-08-07,1742,Aqua,MODIS,87,6.03,400.1,1766.4,D,0
-20.5925,-47.6642,502.4,1.0,1.0,2021-09-14,1701,Aqua,MODIS,100,6.03,400.1,1681.1,D,0
-15.3381,-41.1075,502.4,1.1,1.1,2021-10-04,1638,Aqua,MODIS,94,6.03,400.1,2012.3,D,0
-6.8386,-59.273,502.4,1.1,1.0,2021-08-09,1730,Aqua,MODIS,100,6.03,337.9,1819.1,D,0
-10.9245,-56.5387,502.3,1.0,1.0,2021-07-01,1722,Aqua,MODIS,100,6.03,400.1,1762.2,D,0
-8.434,-55.247,502.3,1.0,1.0,2021-08-18,1723,Aqua,MODIS,100,6.03,400.1,1666.2,D,0
-8.4354,-55.2561,502.3,1.0,1.0,2021-08-18,1723,Aqua,MODIS,100,6.03,400.1,1665.8,D,0
-11.4817,-54.2929,502.2,1.4,1.2,2021-06-29,1734,Aqua,MODIS,100,6.03,337.9,2760.4,D,0
-8.0682,-55.2894,502.1,1.2,1.1,2021-08-04,1711,Aqua,MODIS,100,6.03,400.1,2069.2,D,0
-8.69,-62.6117,501.7,1.0,1.0,2021-08-05,1754,Aqua,MODIS,100,6.03,400.1,1682.9,D,0
-6.6096,-58.679,501.6,1.5,1.2,2021-08-11,1718,Aqua,MODIS,94,6.03,400.1,2829.9,D,0
-13.8063,-44.6344,501.6,1.4,1.2,2021-09-20,1626,Aqua,MODIS,100,6.03,400.1,2699.5,D,0
-9.0595,-67.5015,501.6,1.4,1.2,2021-08-24,1825,Aqua,MODIS,94,6.03,338.9,2570.3,D,0
-8.5789,-67.1217,501.6,1.8,1.3,2021-08-14,1748,Aqua,MODIS,100,6.03,332.2,3732.4,D,0
-8.7578,-63.142,501.4,1.0,1.0,2021-08-05,1754,Aqua,MODIS,100,6.03,400.1,1636.1,D,0
-8.8898,-62.5594,501.3,1.0,1.0,2021-08-21,1754,Aqua,MODIS,100,6.03,400.1,1676.7,D,0
-20.4298,-49.2278,501.2,1.0,1.0,2021-09-21,1707,Aqua,MODIS,100,6.03,400.1,1654.6,D,0
-11.4696,-43.7474,500.4,1.0,1.0,2021-10-04,1639,Aqua,MODIS,89,6.03,400.1,1618.9,D,0
-11.6561,-43.5474,500.0,1.1,1.1,2021-09-23,135,Terra,MODIS,100,6.03,387.1,1916.9,N,0
-11.6546,-43.5371,500.0,1.1,1.1,2021-09-23,135,Terra,MODIS,100,6.03,371.6,1919.2,N,0
-6.5831,-45.3354,500.0,1.0,1.0,2021-08-21,1319,Terra,MODIS,100,6.03,363.3,1673.7,D,0
-15.0471,-43.3095,500.0,1.0,1.0,2021-09-16,128,Terra,MODIS,100,6.03,360.1,1601.5,N,0
-15.0381,-43.3109,500.0,1.0,1.0,2021-09-16,128,Terra,MODIS,100,6.03,357.2,1602.2,N,0
-7.683,-61.1957,500.0,1.1,1.0,2021-08-25,1434,Terra,MODIS,100,6.03,353.6,1795.1,D,0
-18.1554,-52.9442,500.0,1.4,1.2,2021-07-10,154,Terra,MODIS,100,6.03,352.7,2673.9,N,0
-7.6869,-61.2126,500.0,1.1,1.0,2021-08-25,1434,Terra,MODIS,87,6.03,347.4,1800.4,D,0
-22.024,-57.6914,500.0,1.0,1.0,2021-08-22,1407,Terra,MODIS,100,6.03,346.0,1616.1,D,0
-22.015,-57.69,500.0,1.0,1.0,2021-08-22,1407,Terra,MODIS,100,6.03,344.6,1616.1,D,0
-18.1464,-52.9591,500.0,1.4,1.2,2021-07-10,154,Terra,MODIS,100,6.03,342.2,2681.5,N,0
-7.6882,-61.2028,500.0,1.1,1.0,2021-08-25,1434,Terra,MODIS,75,6.03,342.0,1802.7,D,0
-18.1422,-52.9661,500.0,1.4,1.2,2021-07-10,154,Terra,MODIS,100,6.03,339.9,2682.7,N,0
-22.0317,-57.7026,500.0,1.0,1.0,2021-08-22,1407,Terra,MODIS,100,6.03,339.7,1620.6,D,0
-7.6844,-61.1859,500.0,1.1,1.0,2021-08-25,1434,Terra,MODIS,100,6.03,336.7,1799.7,D,0
-7.6751,-61.1846,500.0,1.1,1.0,2021-08-25,1434,Terra,MODIS,100,6.03,335.5,1797.6,D,0
-22.0331,-57.6929,500.0,1.0,1.0,2021-08-22,1407,Terra,MODIS,100,6.03,332.3,1618.7,D,0
-12.5919,-55.1141,500.0,1.1,1.0,2021-05-20,1353,Terra,MODIS,100,6.03,332.2,1821.2,D,0
-7.7643,-61.3738,500.0,1.1,1.0,2021-08-11,1422,Terra,MODIS,100,6.03,332.2,1734.9,D,0
-19.8668,-57.5876,500.0,1.3,1.1,2021-09-21,1418,Terra,MODIS,100,6.03,331.7,2334.7,D,0
-12.0891,-54.5108,500.0,3.5,1.8,2021-06-18,1322,Terra,MODIS,100,6.03,331.6,9712.7,D,0
-10.9388,-43.5606,500.0,1.3,1.1,2021-07-31,1302,Terra,MODIS,100,6.03,330.4,2226.1,D,0
-7.6896,-61.193,500.0,1.1,1.0,2021-08-25,1434,Terra,MODIS,87,6.03,326.6,1805.6,D,0
-11.6576,-43.5576,500.0,1.1,1.1,2021-09-23,135,Terra,MODIS,100,6.03,324.2,1913.6,N,0
-17.3059,-57.3845,500.0,1.0,1.0,2021-10-24,229,Terra,MODIS,100,6.03,323.7,0.0,N,0
-6.8718,-59.6686,500.0,1.1,1.0,2021-08-18,1427,Terra,MODIS,100,6.03,322.5,1762.8,D,0
-12.104,-54.488,500.0,3.4,1.7,2021-06-18,1322,Terra,MODIS,100,6.03,321.3,9637.5,D,0
-17.2968,-57.386,500.0,1.0,1.0,2021-10-24,229,Terra,MODIS,100,6.03,317.4,0.0,N,0
-12.0982,-54.5197,500.0,3.5,1.8,2021-06-18,1322,Terra,MODIS,100,6.03,315.1,9722.6,D,0
-15.0052,-43.2564,499.9,1.3,1.1,2021-09-16,1650,Aqua,MODIS,100,6.03,400.1,2324.2,D,0
-9.7518,-43.7346,499.8,1.1,1.1,2021-09-20,1627,Aqua,MODIS,100,6.03,400.1,1881.4,D,0
-19.5387,-57.4567,499.5,1.0,1.0,2021-10-03,1733,Aqua,MODIS,87,6.03,333.4,1632.1,D,0
-6.7553,-59.2911,499.5,1.3,1.1,2021-08-18,1724,Aqua,MODIS,100,6.03,327.8,2253.9,D,0
-20.9908,-57.6477,499.0,2.0,1.4,2021-08-19,1803,Aqua,MODIS,100,6.03,339.8,4170.9,D,0
-11.5109,-43.419,499.0,3.2,1.7,2021-09-21,1710,Aqua,MODIS,87,6.03,334.1,8528.0,D,0
-5.0641,-47.8231,498.6,1.0,1.0,2021-10-11,1647,Aqua,MODIS,100,6.03,326.1,1579.3,D,0
-19.9719,-48.6069,498.5,1.5,1.2,2021-09-09,1643,Aqua,MODIS,94,6.03,322.3,2942.5,D,0
-11.4994,-54.0267,497.4,1.5,1.2,2021-06-29,1734,Aqua,MODIS,100,6.03,400.1,2721.3,D,0
-11.7583,-44.6269,497.3,1.2,1.1,2021-09-16,1651,Aqua,MODIS,100,6.03,400.1,1997.0,D,0
-8.4534,-55.2534,497.2,1.0,1.0,2021-08-18,1723,Aqua,MODIS,100,6.03,400.1,1546.0,D,0
-3.4995,-47.7481,496.6,1.1,1.0,2021-02-06,1641,Aqua,MODIS,100,6.03,324.9,1703.3,D,0
-11.41,-43.6495,496.3,1.0,1.0,2021-10-04,1639,Aqua,MODIS,100,6.03,400.1,1533.1,D,0
-9.8747,-43.679,495.3,3.3,1.7,2021-09-21,1710,Aqua,MODIS,100,6.03,328.2,8395.6,D,0
-6.5376,-53.1783,495.0,1.0,1.0,2021-08-04,1711,Aqua,MODIS,100,6.03,339.7,1479.4,D,0
-11.397,-43.6232,494.9,1.0,1.0,2021-10-04,1639,Aqua,MODIS,100,6.03,400.1,1496.2,D,0
-11.4087,-43.6403,494.5,1.0,1.0,2021-10-04,1639,Aqua,MODIS,100,6.03,400.1,1486.2,D,0
-6.579,-53.2164,494.4,1.3,1.1,2021-08-06,1659,Aqua,MODIS,100,6.03,333.3,2114.3,D,0
-9.0958,-43.1145,494.2,1.0,1.0,2021-09-11,1633,Aqua,MODIS,100,6.03,400.1,1457.1,D,0
-6.9212,-59.762,493.9,1.0,1.0,2021-07-31,1736,Aqua,MODIS,100,6.03,333.1,1471.2,D,0
-19.4184,-49.0738,493.7,1.0,1.0,2021-09-05,1708,Aqua,MODIS,100,6.03,400.1,1518.1,D,0
-15.0033,-43.2444,493.6,1.3,1.1,2021-09-16,1650,Aqua,MODIS,100,6.03,340.0,2124.5,D,0
-2.821,-52.9517,493.4,1.8,1.3,2021-09-25,1648,Aqua,MODIS,94,6.03,309.1,3394.6,D,0
-6.3015,-45.4164,492.9,1.3,1.1,2021-05-27,1653,Aqua,MODIS,100,6.03,400.1,2033.1,D,0
-13.8216,-59.719,492.8,1.0,1.0,2021-05-19,1740,Aqua,MODIS,100,6.03,339.1,1443.6,D,0
-11.4546,-43.4982,492.4,1.2,1.1,2021-09-25,1645,Aqua,MODIS,100,6.03,338.1,1744.7,D,0
-5.335,-39.6671,492.4,1.6,1.2,2021-10-29,1634,Aqua,MODIS,94,6.03,324.4,2724.4,D,0
-8.9659,-65.9572,492.4,1.2,1.1,2021-08-05,1754,Aqua,MODIS,94,6.03,322.5,1806.6,D,0
-10.0759,-43.6961,491.8,1.1,1.1,2021-10-06,1627,Aqua,MODIS,100,6.03,400.1,1658.1,D,0
-9.5899,-64.1682,491.8,1.0,1.0,2021-08-12,1800,Aqua,MODIS,100,6.03,329.2,1431.8,D,0
-11.4683,-43.7382,491.1,1.0,1.0,2021-10-04,1639,Aqua,MODIS,100,6.03,400.1,1405.7,D,0
-10.1023,-44.1877,490.8,1.9,1.4,2021-09-22,1615,Aqua,MODIS,100,6.03,400.1,3645.3,D,0
-13.8951,-59.6758,490.3,1.0,1.0,2021-06-04,1740,Aqua,MODIS,100,6.03,400.1,1389.9,D,0
-11.4109,-43.7735,489.8,1.2,1.1,2021-10-06,1627,Aqua,MODIS,100,6.03,400.1,1712.0,D,0
-6.4147,-53.3581,489.6,1.3,1.1,2021-08-06,1659,Aqua,MODIS,100,6.03,331.6,2011.3,D,0
-8.1806,-55.4417,489.1,1.2,1.1,2021-08-04,1711,Aqua,MODIS,100,6.03,400.1,1756.6,D,0
-9.1619,-66.0144,489.1,1.3,1.2,2021-08-01,1818,Aqua,MODIS,100,6.03,327.9,2097.7,D,0
-6.4351,-53.3554,488.7,1.3,1.1,2021-08-06,1659,Aqua,MODIS,100,6.03,327.2,1983.5,D,0
-11.2919,-42.5735,488.0,1.5,1.2,2021-09-22,1615,Aqua,MODIS,100,6.03,400.1,2481.0,D,0
-16.9322,-58.3701,487.6,1.0,1.0,2021-08-23,1739,Aqua,MODIS,100,6.03,338.7,1314.1,D,0
-6.6901,-55.8318,487.6,1.1,1.1,2021-08-04,1415,Terra,MODIS,100,6.03,326.9,1619.4,D,0
-6.4636,-53.1714,487.5,1.1,1.0,2021-08-11,1717,Aqua,MODIS,100,6.03,329.6,1446.9,D,0
-10.4522,-64.2826,487.2,1.0,1.0,2021-08-12,1800,Aqua,MODIS,100,6.03,330.0,1319.6,D,0
-3.8228,-54.1247,487.2,1.0,1.0,2021-10-14,1718,Aqua,MODIS,100,6.03,321.4,1379.7,D,0
-11.5608,-56.4811,487.0,1.1,1.0,2021-08-16,1735,Aqua,MODIS,100,6.03,400.1,1461.1,D,0
-8.1615,-55.4282,486.8,1.5,1.2,2021-08-13,1705,Aqua,MODIS,100,6.03,330.6,2352.3,D,0
-14.9723,-41.6886,486.6,1.0,1.0,2021-09-11,1632,Aqua,MODIS,100,6.03,335.6,1301.9,D,0
-20.9358,-48.1736,486.2,1.0,1.0,2021-08-22,1655,Aqua,MODIS,100,6.03,338.9,1371.9,D,0
-7.5563,-61.3957,486.1,1.2,1.1,2021-08-05,1754,Aqua,MODIS,94,6.03,333.6,1584.8,D,0
-11.521,-43.477,486.0,3.2,1.7,2021-09-21,1710,Aqua,MODIS,100,6.03,337.8,6906.5,D,0
-4.0646,-50.8895,485.8,1.0,1.0,2021-08-29,1706,Aqua,MODIS,100,6.03,323.5,1363.1,D,0
-15.0704,-43.1917,485.6,1.0,1.0,2021-09-18,1638,Aqua,MODIS,100,6.03,400.1,1279.3,D,0
-20.3066,-58.0539,485.4,1.0,1.0,2021-08-07,1738,Aqua,MODIS,100,6.03,400.1,1276.1,D,0
-9.9047,-43.7214,485.2,1.1,1.1,2021-09-20,1627,Aqua,MODIS,100,6.03,400.1,1507.0,D,0
-9.5989,-64.1669,485.1,1.0,1.0,2021-08-12,1800,Aqua,MODIS,100,6.03,337.9,1290.0,D,0
-11.4094,-43.7629,484.4,1.2,1.1,2021-10-06,1627,Aqua,MODIS,100,6.03,340.9,1572.1,D,0
-21.8225,-51.8516,484.4,1.0,1.0,2021-08-18,1719,Aqua,MODIS,94,6.03,337.7,1288.6,D,0
-10.0773,-43.7063,484.2,1.1,1.1,2021-10-06,1627,Aqua,MODIS,100,6.03,400.1,1477.1,D,0
-11.3394,-43.5372,483.8,1.1,1.1,2021-10-06,1627,Aqua,MODIS,100,6.03,400.1,1495.7,D,0
-9.5343,-66.656,483.8,1.5,1.2,2021-08-24,1824,Aqua,MODIS,100,6.03,330.2,2320.7,D,0
-3.8215,-54.1155,483.8,1.0,1.0,2021-10-14,1718,Aqua,MODIS,100,6.03,318.0,1308.7,D,0
-19.7928,-57.2339,483.6,1.0,1.0,2021-08-07,1738,Aqua,MODIS,100,6.03,400.1,1258.0,D,0
-10.9112,-57.1495,483.5,1.2,1.1,2021-08-23,1741,Aqua,MODIS,94,6.03,340.4,1631.4,D,0
-9.8798,-43.7082,482.8,3.3,1.7,2021-09-21,1710,Aqua,MODIS,100,6.03,338.0,6851.5,D,0
-7.0355,-59.4018,482.8,1.0,1.0,2021-07-31,1736,Aqua,MODIS,100,6.03,327.8,1226.7,D,0
-12.0974,-43.0853,482.6,1.0,1.0,2021-10-10,1308,Terra,MODIS,100,6.03,328.0,1241.2,D,0
-18.1448,-52.9456,482.2,1.4,1.2,2021-07-10,154,Terra,MODIS,100,6.03,326.7,2042.8,N,0
-18.4542,-49.7051,482.1,1.0,1.0,2021-09-05,1708,Aqua,MODIS,100,6.03,339.5,1228.1,D,0
-17.0971,-58.3282,481.9,1.5,1.2,2021-08-18,1721,Aqua,MODIS,87,6.03,400.1,2196.3,D,0
-12.0825,-54.5169,481.7,3.5,1.8,2021-06-18,1322,Terra,MODIS,100,6.03,318.0,7353.9,D,0
-21.1915,-57.5838,481.6,1.2,1.1,2021-08-21,1750,Aqua,MODIS,100,6.03,335.2,1626.6,D,0
-19.8586,-48.2822,481.4,1.0,1.0,2021-08-22,1655,Aqua,MODIS,100,6.03,400.1,1253.0,D,0
-8.2508,-61.4626,481.2,1.0,1.0,2021-08-07,1742,Aqua,MODIS,100,6.03,338.0,1243.0,D,0
-6.5466,-53.177,481.2,1.0,1.0,2021-08-04,1711,Aqua,MODIS,100,6.03,330.9,1195.6,D,0
-11.3327,-43.5592,481.2,1.1,1.1,2021-10-06,1627,Aqua,MODIS,100,6.03,327.9,1444.5,D,0
-9.8952,-43.7228,480.8,1.1,1.1,2021-09-20,1627,Aqua,MODIS,100,6.03,400.1,1409.0,D,0
-9.8695,-60.1085,480.8,1.6,1.2,2021-09-13,1800,Aqua,MODIS,94,6.03,316.7,2365.8,D,0
-21.5014,-51.819,480.4,1.1,1.0,2021-09-21,1707,Aqua,MODIS,100,6.03,339.3,1341.9,D,0
-2.6564,-48.6645,480.4,1.0,1.0,2021-10-18,1654,Aqua,MODIS,94,6.03,315.9,1200.5,D,0
-7.1581,-55.3504,480.3,1.2,1.1,2021-08-04,1711,Aqua,MODIS,100,6.03,337.2,1451.0,D,0
-10.6982,-43.9795,480.1,1.9,1.3,2021-10-08,1615,Aqua,MODIS,100,6.03,334.0,3009.9,D,0
-11.7986,-45.0893,480.0,1.1,1.1,2021-09-16,1651,Aqua,MODIS,100,6.03,400.1,1409.4,D,0
-11.4238,-43.7769,479.9,1.2,1.1,2021-10-06,1627,Aqua,MODIS,100,6.03,400.1,1474.5,D,0
-22.5839,-48.3421,479.9,1.0,1.0,2021-10-23,1707,Aqua,MODIS,94,6.03,335.5,1225.1,D,0
-6.8479,-59.2717,479.2,1.1,1.0,2021-08-09,1730,Aqua,MODIS,100,6.03,400.1,1275.2,D,0
-8.816,-62.5864,479.1,1.0,1.0,2021-08-05,1754,Aqua,MODIS,100,6.03,336.0,1191.9,D,0
-7.0729,-52.7106,479.1,1.2,1.1,2021-08-22,1659,Aqua,MODIS,94,6.03,330.7,1541.5,D,0
-12.4136,-63.6465,479.1,1.4,1.2,2021-10-13,1811,Aqua,MODIS,100,6.03,318.9,1805.4,D,0
-8.2258,-55.2574,479.0,1.0,1.0,2021-08-11,1717,Aqua,MODIS,100,6.03,336.6,1193.2,D,0
-23.4429,-52.1348,478.9,1.0,1.0,2021-08-19,1336,Terra,MODIS,100,6.03,335.4,1196.5,D,0
-5.177,-36.8465,478.9,1.0,1.0,2021-10-10,1604,Aqua,MODIS,100,6.03,324.4,1150.1,D,0
-14.3079,-43.9621,478.8,1.2,1.1,2021-09-16,1650,Aqua,MODIS,100,6.03,400.1,1521.9,D,0
-11.797,-45.0789,478.8,1.1,1.1,2021-09-16,1651,Aqua,MODIS,100,6.03,400.1,1384.6,D,0
-11.4849,-43.4635,478.6,1.8,1.3,2021-09-22,1615,Aqua,MODIS,94,6.03,325.2,2678.5,D,0
-11.4939,-54.0208,478.5,1.5,1.2,2021-06-29,1734,Aqua,MODIS,100,6.03,400.1,2035.8,D,0
-6.4657,-55.0103,478.5,1.1,1.0,2021-08-20,1711,Aqua,MODIS,100,6.03,332.7,1311.2,D,0
-13.1132,-44.3447,478.3,1.0,1.0,2021-10-08,1320,Terra,MODIS,100,6.03,330.7,1209.6,D,0
-20.9485,-49.1165,477.9,1.7,1.3,2021-08-25,1726,Aqua,MODIS,100,6.03,330.7,2524.0,D,0
-6.8465,-59.2621,477.8,1.1,1.0,2021-08-09,1730,Aqua,MODIS,100,6.03,400.1,1245.9,D,0
-8.4063,-62.7666,477.7,1.1,1.1,2021-08-23,1742,Aqua,MODIS,100,6.03,340.8,1384.5,D,0
-15.6377,-54.8724,477.6,1.0,1.0,2021-08-24,1353,Terra,MODIS,100,6.03,341.9,1161.2,D,0
-14.6523,-45.1405,477.5,1.1,1.0,2021-09-16,1650,Aqua,MODIS,100,6.03,400.1,1232.3,D,0
-19.8109,-57.2308,477.5,1.0,1.0,2021-08-07,1738,Aqua,MODIS,100,6.03,340.4,1144.8,D,0
-11.401,-43.6508,477.5,1.0,1.0,2021-10-04,1639,Aqua,MODIS,94,6.03,335.6,1143.4,D,0
-11.4959,-54.034,477.4,1.5,1.2,2021-06-29,1734,Aqua,MODIS,100,6.03,400.1,1989.8,D,0
-19.8677,-48.2807,477.4,1.0,1.0,2021-08-22,1655,Aqua,MODIS,100,6.03,400.1,1179.1,D,0
-3.4535,-54.6932,477.4,1.0,1.0,2021-10-14,1718,Aqua,MODIS,100,6.03,318.7,1142.3,D,0
-8.6654,-62.9851,477.3,1.0,1.0,2021-08-21,1754,Aqua,MODIS,100,6.03,319.6,1135.2,D,0
-6.4062,-53.3713,477.1,1.3,1.1,2021-08-06,1659,Aqua,MODIS,94,6.03,321.4,1658.0,D,0
-11.8651,-43.6282,477.0,1.9,1.3,2021-10-08,1614,Aqua,MODIS,100,6.03,336.3,2751.4,D,0
-9.8777,-43.6861,476.9,3.3,1.7,2021-09-21,1710,Aqua,MODIS,100,6.03,400.1,6282.0,D,0
-8.089,-55.2973,476.8,1.2,1.1,2021-08-04,1711,Aqua,MODIS,100,6.03,400.1,1404.7,D,0
-16.7054,-58.4538,476.8,1.5,1.2,2021-09-12,502,Aqua,MODIS,100,6.03,315.1,1945.2,N,0
-1.8301,-54.6681,476.8,1.0,1.0,2021-10-14,1719,Aqua,MODIS,75,6.03,312.4,1155.5,D,0
-6.5454,-53.3919,476.7,1.1,1.0,2021-08-08,1350,Terra,MODIS,100,6.03,326.6,1211.4,D,0
-2.189,-53.6308,476.6,1.0,1.0,2021-11-08,1713,Aqua,MODIS,100,6.03,310.6,1117.0,D,0
-13.823,-44.834,476.4,1.5,1.2,2021-10-06,1626,Aqua,MODIS,100,6.03,400.1,1905.7,D,0
-19.8356,-48.2144,476.4,1.0,1.0,2021-09-07,1655,Aqua,MODIS,100,6.03,337.6,1150.8,D,0
-21.224,-48.295,476.3,1.1,1.0,2021-09-05,1707,Aqua,MODIS,100,6.03,400.1,1191.9,D,0
-7.1567,-55.34,476.3,1.2,1.1,2021-08-04,1711,Aqua,MODIS,100,6.03,333.9,1358.0,D,0
-11.3409,-43.5476,476.2,1.1,1.1,2021-10-06,1627,Aqua,MODIS,100,6.03,400.1,1322.5,D,0
-13.8213,-44.8207,476.0,1.5,1.2,2021-10-06,1626,Aqua,MODIS,100,6.03,341.7,1883.4,D,0
-6.8729,-59.9969,476.0,1.0,1.0,2021-08-16,1736,Aqua,MODIS,100,6.03,316.2,1125.3,D,0
-12.047,-54.0253,476.0,1.0,1.0,2021-11-28,1350,Terra,MODIS,100,6.03,311.2,1133.7,D,0
-9.0468,-66.0398,475.8,1.7,1.3,2021-08-24,1824,Aqua,MODIS,100,6.03,328.4,2440.0,D,0
-6.6462,-53.4082,475.7,2.2,1.4,2021-08-08,1647,Aqua,MODIS,100,6.03,323.9,3543.4,D,0
-9.1637,-66.0265,475.7,1.3,1.1,2021-08-01,1818,Aqua,MODIS,100,6.03,323.4,1687.1,D,0
-9.6853,-53.5528,475.6,1.2,1.1,2021-08-29,1704,Aqua,MODIS,100,6.03,329.1,1419.5,D,0
-20.0099,-56.4564,475.4,1.1,1.0,2021-10-09,1405,Terra,MODIS,100,6.03,319.5,1178.0,D,0
-14.0908,-45.2073,475.2,1.1,1.0,2021-09-16,1651,Aqua,MODIS,100,6.03,400.1,1193.7,D,0
-11.5328,-43.5575,475.1,1.8,1.3,2021-09-22,1615,Aqua,MODIS,100,6.03,332.5,2599.3,D,0
-6.9459,-60.1305,475.0,1.0,1.0,2021-07-31,1736,Aqua,MODIS,100,6.03,317.7,1117.9,D,0
-11.3758,-43.5415,474.9,1.0,1.0,2021-10-04,1639,Aqua,MODIS,87,6.03,338.9,1099.7,D,0
-10.0983,-44.1953,474.8,1.9,1.4,2021-09-22,1615,Aqua,MODIS,100,6.03,338.3,2832.1,D,0
-11.8332,-43.6656,474.8,1.9,1.3,2021-10-08,1614,Aqua,MODIS,100,6.03,326.9,2702.1,D,0
-8.75,-63.1488,474.7,1.0,1.0,2021-08-05,1754,Aqua,MODIS,100,6.03,337.8,1081.4,D,0
-13.1603,-54.3584,474.5,1.0,1.0,2021-08-27,1716,Aqua,MODIS,100,6.03,342.0,1121.4,D,0
-6.4249,-53.3568,474.5,1.3,1.1,2021-08-06,1659,Aqua,MODIS,100,6.03,321.2,1582.1,D,0
-8.1889,-55.4297,474.3,1.2,1.1,2021-08-04,1711,Aqua,MODIS,100,6.03,335.8,1385.5,D,0
-6.4208,-53.2745,474.3,2.2,1.4,2021-08-08,1647,Aqua,MODIS,100,6.03,322.7,3301.3,D,0
-11.4903,-43.7565,474.2,1.3,1.1,2021-10-03,1301,Terra,MODIS,100,6.03,332.9,1493.0,D,0
-6.9395,-59.2991,474.2,2.1,1.4,2021-08-12,1800,Aqua,MODIS,100,6.03,309.0,3112.6,D,0
-15.5516,-57.9602,474.1,1.0,1.0,2021-09-22,230,Terra,MODIS,100,6.03,323.3,1100.1,N,0
-16.8826,-58.4322,474.0,1.3,1.1,2021-08-21,1752,Aqua,MODIS,94,6.03,400.1,1500.0,D,0
-9.0336,-67.4042,474.0,1.4,1.2,2021-08-24,1825,Aqua,MODIS,94,6.03,316.4,1711.8,D,0
-10.8965,-43.9316,473.8,3.0,1.7,2021-09-21,1710,Aqua,MODIS,100,6.03,329.5,5254.5,D,0
-7.6765,-61.1748,473.7,1.1,1.0,2021-08-25,1434,Terra,MODIS,100,6.03,320.8,1194.4,D,0
-10.1206,-46.9562,473.6,1.0,1.0,2021-09-09,1646,Aqua,MODIS,100,6.03,400.1,1065.2,D,0
-17.7035,-53.3434,473.4,1.0,1.0,2021-09-12,1714,Aqua,MODIS,100,6.03,333.7,1097.7,D,0
-13.2516,-43.342,473.2,1.9,1.3,2021-09-22,1614,Aqua,MODIS,100,6.03,338.8,2586.8,D,0
-9.3324,-59.6997,473.1,1.0,1.0,2021-08-23,1741,Aqua,MODIS,100,6.03,338.9,1057.2,D,0
-6.5791,-45.4506,473.0,1.1,1.0,2021-08-08,1646,Aqua,MODIS,100,6.03,400.1,1139.2,D,0
-7.5848,-55.2153,473.0,1.0,1.0,2021-08-11,1717,Aqua,MODIS,100,6.03,335.4,1064.3,D,0
-17.5648,-46.7219,473.0,1.6,1.2,2021-09-17,1303,Terra,MODIS,100,6.03,316.2,2050.5,D,0
-11.516,-43.4481,472.9,3.2,1.7,2021-09-21,1710,Aqua,MODIS,94,6.03,328.7,5627.8,D,0
-6.5922,-45.3367,472.6,1.0,1.0,2021-08-21,1319,Terra,MODIS,100,6.03,320.9,1090.9,D,0
-20.4078,-47.8506,472.2,1.1,1.1,2021-09-05,1707,Aqua,MODIS,100,6.03,333.5,1205.8,D,0
-6.3882,-53.3534,472.1,1.1,1.0,2021-08-06,1403,Terra,MODIS,100,6.03,324.5,1143.7,D,0
-10.7887,-53.7843,472.0,1.1,1.0,2021-08-04,1710,Aqua,MODIS,100,6.03,337.8,1130.8,D,0
-6.9168,-52.8204,471.9,1.1,1.0,2021-08-11,1717,Aqua,MODIS,100,6.03,334.4,1158.3,D,0
-9.1674,-65.8733,471.8,4.3,1.9,2021-08-02,1723,Aqua,MODIS,100,6.03,311.6,8598.4,D,0
-20.0113,-56.4464,471.7,1.1,1.0,2021-10-09,1405,Terra,MODIS,100,6.03,314.5,1107.7,D,0
-10.908,-57.1456,471.6,1.2,1.1,2021-08-23,1741,Aqua,MODIS,100,6.03,400.1,1342.3,D,0
-11.4831,-54.0224,471.4,1.5,1.2,2021-06-29,1734,Aqua,MODIS,100,6.03,312.7,1816.6,D,0
-9.891,-43.6922,471.2,1.1,1.1,2021-09-20,1627,Aqua,MODIS,100,6.03,400.1,1193.1,D,0
-6.4597,-60.0257,471.2,1.2,1.1,2021-07-29,1748,Aqua,MODIS,100,6.03,321.2,1267.3,D,0
-11.9933,-54.4145,471.2,1.0,1.0,2021-01-06,1722,Aqua,MODIS,100,6.03,313.9,1031.2,D,0
-14.9844,-43.3212,471.1,1.3,1.1,2021-09-16,1650,Aqua,MODIS,100,6.03,400.1,1466.0,D,0
-9.9156,-43.7302,471.0,1.1,1.1,2021-09-20,1627,Aqua,MODIS,100,6.03,400.1,1198.2,D,0
-6.6146,-53.2614,471.0,1.0,1.0,2021-08-04,1711,Aqua,MODIS,94,6.03,323.4,1014.1,D,0
-23.9269,-54.0708,470.9,1.0,1.0,2021-09-08,216,Terra,MODIS,100,6.03,318.7,1023.1,N,0
-11.5372,-57.9433,470.8,1.2,1.1,2021-08-18,1722,Aqua,MODIS,100,6.03,333.0,1333.2,D,0
-13.8203,-59.7098,470.8,1.0,1.0,2021-05-19,1740,Aqua,MODIS,100,6.03,322.5,1017.8,D,0
-8.9645,-65.9466,470.8,1.2,1.1,2021-08-05,1754,Aqua,MODIS,100,6.03,321.0,1277.6,D,0
-13.8046,-44.6214,470.7,1.4,1.2,2021-09-20,1626,Aqua,MODIS,100,6.03,342.3,1646.5,D,0
-8.8191,-63.1094,470.4,1.1,1.0,2021-08-12,1800,Aqua,MODIS,100,6.03,328.7,1152.7,D,0
-11.1839,-45.6611,470.3,2.2,1.4,2021-09-21,1710,Aqua,MODIS,100,6.03,334.9,3100.3,D,0
-3.4342,-54.6868,470.3,1.0,1.0,2021-10-14,1718,Aqua,MODIS,100,6.03,318.1,1017.7,D,0
-19.2999,-57.4255,470.2,1.4,1.2,2021-09-19,1720,Aqua,MODIS,94,6.03,331.9,1643.6,D,0
-15.0615,-43.1931,470.1,1.0,1.0,2021-09-18,1638,Aqua,MODIS,100,6.03,400.1,990.5,D,0
-6.757,-59.2965,470.0,1.3,1.1,2021-08-18,1724,Aqua,MODIS,100,6.03,327.5,1418.4,D,0
-8.8244,-63.1021,470.0,1.1,1.0,2021-08-12,1800,Aqua,MODIS,100,6.03,322.0,1144.5,D,0
-10.07,-44.1845,469.9,1.2,1.1,2021-10-06,1627,Aqua,MODIS,100,6.03,338.5,1267.9,D,0
-9.3588,-50.4461,469.6,1.4,1.2,2021-09-12,1717,Aqua,MODIS,94,6.03,324.7,1550.8,D,0
-6.4324,-53.2681,469.6,2.2,1.4,2021-08-08,1647,Aqua,MODIS,100,6.03,323.7,3034.8,D,0
-11.5617,-43.3982,469.5,1.1,1.1,2021-09-20,1627,Aqua,MODIS,87,6.03,400.1,1171.9,D,0
-20.7852,-49.1006,469.5,1.1,1.1,2021-08-22,1655,Aqua,MODIS,100,6.03,334.2,1162.4,D,0
-11.8156,-52.8764,469.5,3.0,1.7,2021-06-27,1746,Aqua,MODIS,94,6.03,297.7,5013.6,D,0
-11.5343,-57.9213,469.3,1.2,1.1,2021-08-18,1722,Aqua,MODIS,100,6.03,335.4,1291.4,D,0
-11.3273,-43.5916,469.3,1.1,1.1,2021-10-06,1627,Aqua,MODIS,100,6.03,317.9,1196.3,D,0
-8.6913,-62.621,469.2,1.0,1.0,2021-08-05,1754,Aqua,MODIS,100,6.03,328.9,1009.6,D,0
-6.188,-41.0361,468.9,1.3,1.1,2021-10-01,1610,Aqua,MODIS,100,6.03,338.8,1434.2,D,0
-17.5599,-46.6636,468.9,1.0,1.0,2021-09-16,1650,Aqua,MODIS,100,6.03,336.8,985.6,D,0
-11.7877,-43.6892,468.9,3.3,1.7,2021-10-10,1602,Aqua,MODIS,100,6.03,319.7,5458.6,D,0
-18.1719,-52.9375,468.7,3.4,1.7,2021-07-10,1425,Terra,MODIS,100,6.03,323.0,5881.5,D,0
-21.405,-47.2434,468.3,1.2,1.1,2021-09-05,1707,Aqua,MODIS,100,6.03,333.4,1197.3,D,0
-13.58,-45.758,468.3,1.1,1.0,2021-08-17,1638,Aqua,MODIS,100,6.03,332.1,1100.2,D,0
-6.6441,-41.0951,468.2,1.0,1.0,2021-09-04,1628,Aqua,MODIS,100,6.03,400.1,1010.2,D,0
-11.6748,-43.235,468.2,1.1,1.1,2021-09-20,1627,Aqua,MODIS,100,6.03,339.2,1115.7,D,0
-6.4064,-53.3659,468.2,1.3,1.1,2021-08-06,1659,Aqua,MODIS,100,6.03,332.8,1423.5,D,0
-8.0667,-55.2789,468.1,1.2,1.1,2021-08-04,1711,Aqua,MODIS,100,6.03,333.1,1210.6,D,0
-8.9756,-65.9559,468.0,1.2,1.1,2021-08-05,1754,Aqua,MODIS,100,6.03,326.3,1221.4,D,0
-4.2388,-59.8828,468.0,1.6,1.3,2021-10-14,1718,Aqua,MODIS,100,6.03,307.5,2002.3,D,0
-11.3785,-43.56,467.9,1.0,1.0,2021-10-04,1639,Aqua,MODIS,94,6.03,331.6,976.3,D,0
-9.9177,-60.3397,467.9,2.8,1.6,2021-07-29,1453,Terra,MODIS,100,6.03,309.0,4307.0,D,0
-19.6798,-56.7544,467.8,1.0,1.0,2021-10-03,1732,Aqua,MODIS,100,6.03,332.3,961.2,D,0
-17.5585,-46.6542,467.7,1.0,1.0,2021-09-16,1650,Aqua,MODIS,100,6.03,334.5,964.5,D,0
-11.82,-65.0134,467.7,1.4,1.2,2021-10-01,1747,Aqua,MODIS,100,6.03,314.1,1545.7,D,0
-11.3603,-43.6188,467.6,1.1,1.1,2021-10-06,1627,Aqua,MODIS,100,6.03,400.1,1148.0,D,0
-11.3903,-43.5771,467.6,1.0,1.0,2021-10-04,1639,Aqua,MODIS,100,6.03,335.7,962.4,D,0
-8.0907,-55.2914,467.6,1.2,1.1,2021-08-04,1711,Aqua,MODIS,100,6.03,335.3,1204.6,D,0
-18.7829,-57.4438,467.6,1.0,1.0,2021-09-23,1405,Terra,MODIS,100,6.03,325.4,952.2,D,0
-10.9193,-68.4234,467.4,1.4,1.2,2021-10-15,1800,Aqua,MODIS,100,6.03,308.5,1587.3,D,0
-12.096,-43.0945,467.3,1.0,1.0,2021-10-10,1308,Terra,MODIS,100,6.03,326.3,963.6,D,0
-18.4452,-49.7065,467.2,1.0,1.0,2021-09-05,1708,Aqua,MODIS,94,6.03,339.9,955.9,D,0
-7.7832,-55.0689,466.8,1.0,1.0,2021-08-18,1723,Aqua,MODIS,100,6.03,332.0,964.5,D,0
-11.3881,-43.6794,466.4,1.2,1.1,2021-10-06,1627,Aqua,MODIS,100,6.03,339.6,1144.5,D,0
-6.4337,-53.2728,466.4,2.2,1.4,2021-08-08,1647,Aqua,MODIS,100,6.03,323.7,2890.1,D,0
-9.9124,-60.3806,466.3,1.1,1.0,2021-07-31,1735,Aqua,MODIS,100,6.03,334.4,1058.6,D,0
-14.3062,-43.9509,466.3,1.2,1.1,2021-09-16,1650,Aqua,MODIS,100,6.03,323.7,1239.0,D,0
-17.3056,-43.6768,466.0,1.7,1.3,2021-09-13,1619,Aqua,MODIS,100,6.03,400.1,2082.8,D,0
-21.806,-57.9049,466.0,1.2,1.1,2021-08-21,1750,Aqua,MODIS,0,6.03,340.0,1161.6,D,0
-21.7396,-54.7244,466.0,1.2,1.1,2021-08-23,1738,Aqua,MODIS,100,6.03,332.0,1177.3,D,0
-7.6708,-61.4425,466.0,1.4,1.2,2021-08-12,1800,Aqua,MODIS,100,6.03,329.7,1534.5,D,0
-6.8107,-59.6617,466.0,1.1,1.0,2021-08-09,1730,Aqua,MODIS,100,6.03,326.8,1080.2,D,0
-9.16,-66.0022,466.0,1.4,1.2,2021-08-01,1818,Aqua,MODIS,100,6.03,310.5,1445.4,D,0
-11.3451,-43.5786,465.9,1.1,1.1,2021-10-06,1627,Aqua,MODIS,100,6.03,400.1,1115.6,D,0
-10.9096,-57.1387,465.8,1.2,1.1,2021-08-23,1741,Aqua,MODIS,94,6.03,332.3,1218.1,D,0
-20.7238,-51.8442,465.6,1.2,1.1,2021-08-25,1726,Aqua,MODIS,100,6.03,333.9,1174.8,D,0
-7.1089,-59.2259,465.4,1.1,1.0,2021-08-23,1742,Aqua,MODIS,100,6.03,318.4,1009.6,D,0
-14.316,-43.9493,465.3,1.2,1.1,2021-09-16,1650,Aqua,MODIS,100,6.03,337.3,1216.7,D,0
-15.2505,-41.3073,465.1,1.8,1.3,2021-09-15,1607,Aqua,MODIS,100,6.03,331.1,2215.4,D,0
-20.4094,-47.8611,465.0,1.1,1.1,2021-09-05,1707,Aqua,MODIS,100,6.03,400.1,1063.6,D,0
-8.8291,-45.9338,464.9,1.0,1.0,2021-09-18,1640,Aqua,MODIS,100,6.03,336.0,944.3,D,0
-4.3188,-45.2424,464.9,1.0,1.0,2021-10-20,1641,Aqua,MODIS,100,6.03,314.5,924.6,D,0
-7.8221,-45.3155,464.8,1.0,1.0,2021-08-17,1640,Aqua,MODIS,94,6.03,333.1,903.6,D,0
-9.1661,-65.8777,464.7,4.3,1.9,2021-08-02,1723,Aqua,MODIS,100,6.03,310.8,7627.4,D,0
-12.0883,-54.4853,464.6,3.4,1.7,2021-06-18,1322,Terra,MODIS,100,6.03,314.0,5494.9,D,0
-14.0923,-45.2172,464.4,1.1,1.0,2021-09-16,1651,Aqua,MODIS,100,6.03,400.1,993.3,D,0
-6.7011,-55.8229,464.4,1.1,1.1,2021-08-04,1415,Terra,MODIS,100,6.03,331.7,1109.4,D,0
-7.3959,-55.5079,464.4,1.0,1.0,2021-08-11,1717,Aqua,MODIS,100,6.03,330.2,942.6,D,0
-6.9061,-52.812,464.4,1.1,1.0,2021-08-11,1717,Aqua,MODIS,87,6.03,327.1,1018.5,D,0
-10.8082,-43.96,464.2,1.4,1.2,2021-09-16,1651,Aqua,MODIS,100,6.03,337.9,1405.4,D,0
-10.9479,-50.2337,464.1,1.3,1.1,2021-08-27,1716,Aqua,MODIS,100,6.03,328.0,1362.7,D,0
-9.076,-65.896,464.1,3.3,1.7,2021-08-09,1729,Aqua,MODIS,100,6.03,308.5,5112.8,D,0
-9.1534,-66.0281,464.1,1.3,1.1,2021-08-01,1818,Aqua,MODIS,87,6.03,298.1,1395.1,D,0
-6.4216,-53.2899,464.0,1.1,1.0,2021-08-08,1350,Terra,MODIS,100,6.03,326.0,972.0,D,0
-6.801,-62.9192,464.0,1.2,1.1,2021-08-12,1801,Aqua,MODIS,100,6.03,324.3,1140.5,D,0
-9.2533,-59.8379,463.8,1.5,1.2,2021-08-18,1723,Aqua,MODIS,100,6.03,329.8,1614.8,D,0
-7.8647,-61.8157,463.7,1.1,1.0,2021-08-05,1754,Aqua,MODIS,100,6.03,338.0,1019.3,D,0
-6.8269,-55.8093,463.6,1.1,1.0,2021-08-09,1730,Aqua,MODIS,94,6.03,322.6,1026.4,D,0
-6.6436,-53.3881,463.6,2.2,1.4,2021-08-08,1647,Aqua,MODIS,100,6.03,320.6,2877.3,D,0
-9.7503,-43.7245,463.5,1.1,1.1,2021-09-20,1627,Aqua,MODIS,100,6.03,335.9,1046.5,D,0
-8.2034,-55.4431,463.3,1.2,1.1,2021-08-04,1711,Aqua,MODIS,100,6.03,325.7,1156.6,D,0
-21.2164,-48.3068,463.1,1.1,1.0,2021-09-05,1707,Aqua,MODIS,100,6.03,338.8,948.5,D,0
-8.5997,-44.1871,463.1,1.8,1.3,2021-10-08,1615,Aqua,MODIS,100,6.03,324.7,2141.9,D,0
-5.5718,-51.459,462.9,1.0,1.0,2021-09-14,1705,Aqua,MODIS,100,6.03,317.3,883.3,D,0
0.7101,-59.5381,462.9,1.0,1.0,2021-11-13,1732,Aqua,MODIS,87,6.03,304.6,885.7,D,0
-6.2915,-45.418,462.8,1.3,1.1,2021-05-27,1653,Aqua,MODIS,100,6.03,333.2,1245.0,D,0
-3.6255,-41.56,462.8,1.6,1.2,2021-10-04,1641,Aqua,MODIS,100,6.03,325.1,1698.7,D,0
-22.0226,-57.7012,462.6,1.0,1.0,2021-08-22,1407,Terra,MODIS,100,6.03,338.3,886.9,D,0
-16.0459,-42.8763,462.6,1.0,1.0,2021-10-04,1638,Aqua,MODIS,100,6.03,331.3,882.0,D,0
-11.792,-43.6943,462.6,3.3,1.7,2021-10-10,1602,Aqua,MODIS,100,6.03,320.2,4892.2,D,0
-8.0991,-54.7881,462.5,1.1,1.0,2021-08-04,1711,Aqua,MODIS,100,6.03,338.3,1017.9,D,0
-6.5701,-53.2242,462.4,1.3,1.1,2021-08-06,1659,Aqua,MODIS,100,6.03,335.3,1257.6,D,0
-17.0524,-57.3564,462.3,1.0,1.0,2021-10-03,1733,Aqua,MODIS,87,6.03,318.8,869.2,D,0
-11.3437,-43.5682,462.2,1.1,1.1,2021-10-06,1627,Aqua,MODIS,100,6.03,400.1,1045.1,D,0
-9.2276,-63.6444,462.2,1.0,1.0,2021-08-12,1800,Aqua,MODIS,100,6.03,324.7,925.2,D,0
-8.6898,-66.9724,462.2,1.5,1.2,2021-08-24,1825,Aqua,MODIS,100,6.03,317.0,1572.4,D,0
-11.3916,-43.5863,462.1,1.0,1.0,2021-10-04,1639,Aqua,MODIS,100,6.03,329.4,873.6,D,0
-13.1197,-44.393,462.0,2.2,1.4,2021-10-08,1614,Aqua,MODIS,100,6.03,329.7,2800.4,D,0
-9.8634,-60.155,462.0,1.1,1.0,2021-08-14,1747,Aqua,MODIS,100,6.03,325.2,946.0,D,0
-9.5303,-64.2371,461.9,1.1,1.1,2021-08-03,1806,Aqua,MODIS,100,6.03,323.8,1031.3,D,0
-14.216,-45.3685,461.9,1.5,1.2,2021-08-16,1303,Terra,MODIS,100,6.03,322.3,1508.7,D,0
-11.8697,-43.6226,461.8,1.9,1.3,2021-10-08,1614,Aqua,MODIS,100,6.03,330.2,2122.8,D,0
-9.1882,-58.3676,461.8,1.2,1.1,2021-08-18,1723,Aqua,MODIS,100,6.03,329.4,1135.8,D,0
-6.4599,-55.0068,461.7,1.1,1.0,2021-08-20,1711,Aqua,MODIS,100,6.03,334.7,984.6,D,0
-19.8551,-55.737,461.7,1.0,1.0,2021-10-03,1732,Aqua,MODIS,100,6.03,324.4,869.7,D,0
-13.1414,-58.0588,461.6,1.3,1.1,2021-08-18,1722,Aqua,MODIS,100,6.03,334.3,1247.9,D,0
-7.0149,-63.1591,461.6,1.2,1.1,2021-08-23,1742,Aqua,MODIS,100,6.03,326.8,1076.9,D,0
-6.4046,-53.3596,461.6,1.3,1.1,2021-08-06,1659,Aqua,MODIS,100,6.03,321.7,1268.8,D,0
-17.1203,-56.5486,461.6,1.9,1.3,2021-09-21,1709,Aqua,MODIS,100,6.03,314.5,2164.0,D,0
-18.1374,-52.974,461.6,1.4,1.2,2021-07-10,154,Terra,MODIS,100,6.03,311.8,1460.0,N,0
-11.3423,-43.5579,461.5,1.1,1.1,2021-10-06,1627,Aqua,MODIS,100,6.03,400.1,1029.1,D,0
-16.6947,-58.4519,461.5,1.5,1.2,2021-09-12,502,Aqua,MODIS,100,6.03,338.9,1505.5,N,0
-18.1405,-52.9526,461.5,1.4,1.2,2021-07-10,154,Terra,MODIS,100,6.03,327.6,1452.8,N,0
-7.4163,-55.5913,461.5,1.0,1.0,2021-08-18,1723,Aqua,MODIS,100,6.03,327.0,867.1,D,0
-10.7061,-43.3989,461.4,1.1,1.0,2021-10-06,1627,Aqua,MODIS,100,6.03,334.6,988.4,D,0
-6.8471,-62.9225,461.4,1.1,1.1,2021-08-23,1742,Aqua,MODIS,87,6.03,319.9,1023.3,D,0
-20.173,-47.7799,461.3,1.4,1.2,2021-09-09,1643,Aqua,MODIS,100,6.03,328.0,1363.0,D,0
-18.878,-57.6012,461.3,1.7,1.3,2021-09-27,247,Terra,MODIS,100,6.03,300.1,1807.2,N,0
-8.6868,-66.9799,461.2,1.5,1.2,2021-08-24,1825,Aqua,MODIS,100,6.03,316.0,1547.3,D,0
-10.2796,-52.2746,460.9,1.3,1.1,2021-06-19,1658,Aqua,MODIS,100,6.03,312.5,1194.0,D,0
-21.506,-47.2927,460.7,1.3,1.1,2021-09-09,1643,Aqua,MODIS,100,6.03,320.7,1283.0,D,0
-5.6743,-43.5158,460.5,1.0,1.0,2021-07-25,1634,Aqua,MODIS,100,6.03,328.5,852.4,D,0
-10.6967,-44.5171,460.4,1.3,1.1,2021-10-06,1627,Aqua,MODIS,100,6.03,332.6,1179.3,D,0
-9.9134,-43.701,460.4,1.5,1.2,2021-09-20,1332,Terra,MODIS,100,6.03,327.1,1564.4,D,0
-6.787,-60.0473,460.4,1.2,1.1,2021-08-09,1730,Aqua,MODIS,100,6.03,319.1,1038.6,D,0
-10.0393,-43.7497,460.3,1.1,1.1,2021-10-06,1627,Aqua,MODIS,100,6.03,342.2,997.2,D,0
-6.6459,-53.3928,460.3,2.2,1.4,2021-08-08,1647,Aqua,MODIS,100,6.03,325.1,2720.7,D,0
-6.6997,-55.8331,460.3,1.1,1.1,2021-08-04,1415,Terra,MODIS,100,6.03,319.0,1029.6,D,0
-16.0446,-42.867,460.1,1.0,1.0,2021-10-04,1638,Aqua,MODIS,100,6.03,330.8,841.7,D,0
-3.599,-49.946,460.1,1.2,1.1,2021-10-11,1648,Aqua,MODIS,100,6.03,307.7,1046.4,D,0
-7.6993,-61.1244,460.0,1.1,1.0,2021-08-25,1434,Terra,MODIS,100,6.03,321.2,959.4,D,0
-4.1465,-43.5357,460.0,1.0,1.0,2021-11-23,1629,Aqua,MODIS,100,6.03,313.6,856.1,D,0
-20.9257,-53.4613,459.8,1.0,1.0,2021-08-25,1726,Aqua,MODIS,100,6.03,335.6,860.8,D,0
-17.5788,-51.0222,459.5,1.2,1.1,2021-08-18,1720,Aqua,MODIS,94,6.03,330.5,1075.0,D,0
-6.9793,-59.8199,459.5,1.8,1.3,2021-07-26,1718,Aqua,MODIS,100,6.03,311.7,1944.0,D,0
-9.2529,-60.815,459.2,1.0,1.0,2021-08-23,1741,Aqua,MODIS,100,6.03,321.9,834.9,D,0
-6.5409,-55.4698,459.0,1.2,1.1,2021-08-04,1711,Aqua,MODIS,100,6.03,329.1,1014.4,D,0
-6.5971,-58.6675,459.0,1.5,1.2,2021-08-11,1718,Aqua,MODIS,100,6.03,320.8,1421.0,D,0
-19.1059,-57.1464,458.8,1.2,1.1,2021-07-13,1745,Aqua,MODIS,100,6.03,334.6,1002.1,D,0
-10.3229,-43.4266,458.8,1.1,1.0,2021-09-20,1627,Aqua,MODIS,100,6.03,333.9,935.2,D,0
-11.5401,-43.5827,458.7,1.1,1.1,2021-09-23,135,Terra,MODIS,100,6.03,329.4,985.0,N,0
-9.2198,-65.3687,458.7,1.1,1.1,2021-08-25,1434,Terra,MODIS,100,6.03,314.4,960.0,D,0
-12.0947,-54.4791,458.7,3.4,1.7,2021-06-18,1322,Terra,MODIS,100,6.03,311.6,4947.7,D,0
-13.6574,-46.512,458.6,1.1,1.1,2021-09-15,1315,Terra,MODIS,100,6.03,329.6,985.9,D,0
-11.5306,-43.5842,458.6,1.1,1.1,2021-09-23,135,Terra,MODIS,100,6.03,322.6,984.0,N,0
-10.7816,-45.8873,458.5,1.1,1.0,2021-09-18,1639,Aqua,MODIS,87,6.03,332.0,873.0,D,0
-11.3479,-43.5993,458.4,1.1,1.1,2021-10-06,1627,Aqua,MODIS,100,6.03,400.1,976.4,D,0
-8.0921,-55.302,458.4,1.2,1.1,2021-08-04,1711,Aqua,MODIS,100,6.03,336.3,1028.6,D,0
-13.1399,-58.0468,458.4,1.3,1.1,2021-08-18,1722,Aqua,MODIS,100,6.03,335.8,1173.2,D,0
-11.5273,-43.4408,458.2,3.2,1.7,2021-09-21,1710,Aqua,MODIS,100,6.03,336.8,4354.6,D,0
-14.5716,-52.0404,458.2,1.4,1.2,2021-08-25,1727,Aqua,MODIS,100,6.03,330.8,1341.2,D,0
-15.3365,-41.097,458.2,1.1,1.1,2021-10-04,1638,Aqua,MODIS,100,6.03,330.6,985.8,D,0
-12.431,-54.5671,458.2,1.2,1.1,2021-09-21,1710,Aqua,MODIS,100,6.03,328.9,1057.2,D,0
-8.5579,-62.4972,458.1,1.1,1.1,2021-08-23,1742,Aqua,MODIS,100,6.03,327.5,955.9,D,0
-8.0585,-55.2908,458.1,1.2,1.1,2021-08-04,1711,Aqua,MODIS,100,6.03,326.4,1018.9,D,0
-11.5387,-57.9544,458.0,1.2,1.1,2021-08-18,1722,Aqua,MODIS,100,6.03,328.4,1072.8,D,0
-8.8177,-63.0995,458.0,1.1,1.0,2021-08-12,1800,Aqua,MODIS,100,6.03,319.9,931.2,D,0
-20.1383,-57.6128,457.9,2.0,1.4,2021-09-20,1803,Aqua,MODIS,100,6.03,400.1,2254.8,D,0
-8.5966,-43.122,457.9,1.6,1.2,2021-09-10,1255,Terra,MODIS,100,6.03,327.0,1613.5,D,0
-4.4519,-50.6193,457.9,1.1,1.0,2021-11-17,1706,Aqua,MODIS,100,6.03,313.2,875.8,D,0
-13.0048,-55.0852,457.9,1.0,1.0,2021-11-29,1728,Aqua,MODIS,100,6.03,312.0,859.2,D,0
-6.6621,-60.1328,457.9,1.0,1.0,2021-08-16,1736,Aqua,MODIS,87,6.03,309.0,829.4,D,0
-10.5291,-43.5907,457.7,1.1,1.1,2021-09-20,1627,Aqua,MODIS,100,6.03,400.1,945.8,D,0
-8.1904,-55.4404,457.7,1.2,1.1,2021-08-04,1711,Aqua,MODIS,100,6.03,332.4,1043.3,D,0
-6.8547,-59.275,457.7,1.1,1.0,2021-08-09,1730,Aqua,MODIS,100,6.03,319.4,889.6,D,0
-3.4432,-54.6855,457.7,1.0,1.0,2021-10-14,1718,Aqua,MODIS,100,6.03,311.6,818.2,D,0
-11.8165,-44.6694,457.6,1.3,1.1,2021-09-20,1627,Aqua,MODIS,100,6.03,341.0,1211.5,D,0
-13.8293,-59.7084,457.5,1.0,1.0,2021-05-19,1740,Aqua,MODIS,94,6.03,326.8,808.5,D,0
-18.4258,-49.6576,457.4,1.1,1.1,2021-09-12,1714,Aqua,MODIS,100,6.03,337.5,957.0,D,0
-8.2806,-61.4112,457.4,1.0,1.0,2021-08-07,1742,Aqua,MODIS,100,6.03,325.9,828.9,D,0
-11.5895,-43.4783,457.3,1.8,1.3,2021-09-22,1614,Aqua,MODIS,100,6.03,400.1,1863.5,D,0
-20.2189,-58.1172,457.3,1.6,1.2,2021-08-18,1720,Aqua,MODIS,94,6.03,334.5,1594.2,D,0
-11.5665,-43.4025,457.3,1.1,1.1,2021-09-20,1627,Aqua,MODIS,100,6.03,328.5,949.3,D,0
-18.1358,-52.9605,457.3,1.4,1.2,2021-07-10,154,Terra,MODIS,100,6.03,319.1,1348.9,N,0
-7.6816,-61.2054,457.2,1.1,1.0,2021-08-25,1434,Terra,MODIS,100,6.03,331.3,890.6,D,0
-17.2774,-43.6557,457.1,1.1,1.1,2021-09-11,1631,Aqua,MODIS,100,6.03,332.0,939.1,D,0
-7.5835,-55.2061,457.1,1.0,1.0,2021-08-11,1717,Aqua,MODIS,100,6.03,325.2,807.6,D,0
-12.1268,-44.8023,456.9,1.4,1.2,2021-09-20,1627,Aqua,MODIS,100,6.03,400.1,1251.6,D,0
-8.581,-67.1375,456.9,1.8,1.3,2021-08-14,1748,Aqua,MODIS,100,6.03,314.0,1821.7,D,0
-21.4441,-57.8413,456.8,1.0,1.0,2021-08-23,1738,Aqua,MODIS,100,6.03,338.7,791.4,D,0
-11.9843,-54.4159,456.8,1.0,1.0,2021-01-06,1722,Aqua,MODIS,100,6.03,312.6,803.0,D,0
-4.0633,-50.8802,456.8,1.0,1.0,2021-08-29,1706,Aqua,MODIS,100,6.03,311.8,840.3,D,0
-7.6334,-42.8608,456.7,1.0,1.0,2021-10-06,1628,Aqua,MODIS,100,6.03,400.1,798.9,D,0
-14.9633,-41.69,456.7,1.0,1.0,2021-09-11,1632,Aqua,MODIS,100,6.03,339.7,787.5,D,0
-7.0922,-45.6895,456.7,1.0,1.0,2021-08-08,1646,Aqua,MODIS,100,6.03,334.0,826.5,D,0
-9.4224,-70.4531,456.6,1.0,1.0,2021-08-24,1825,Aqua,MODIS,100,6.03,317.4,798.4,D,0
-7.6175,-60.8384,456.4,1.2,1.1,2021-08-05,1754,Aqua,MODIS,100,6.03,322.5,1070.3,D,0
-11.1827,-45.646,456.4,2.2,1.4,2021-09-21,1710,Aqua,MODIS,100,6.03,318.7,2446.6,D,0
-7.6622,-61.058,456.4,1.0,1.0,2021-10-10,1742,Aqua,MODIS,100,6.03,315.0,792.4,D,0
-10.5574,-54.4121,456.3,1.0,1.0,2021-09-28,1716,Aqua,MODIS,100,6.03,315.2,798.1,D,0
-9.6016,-64.3376,456.3,1.4,1.2,2021-08-26,1812,Aqua,MODIS,100,6.03,313.9,1217.1,D,0
-6.5817,-45.3447,456.2,1.0,1.0,2021-08-21,1319,Terra,MODIS,100,6.03,323.3,822.1,D,0
-6.4196,-53.2696,456.2,2.2,1.4,2021-08-08,1647,Aqua,MODIS,100,6.03,318.2,2414.8,D,0
-9.0724,-65.8892,456.2,3.3,1.7,2021-08-09,1729,Aqua,MODIS,100,6.03,305.9,4463.0,D,0
-7.5309,-63.514,456.0,1.0,1.0,2021-08-14,1748,Aqua,MODIS,100,6.03,314.5,839.0,D,0
-8.0875,-55.2867,455.9,1.2,1.1,2021-08-04,1711,Aqua,MODIS,100,6.03,328.9,978.9,D,0
-15.864,-43.2863,455.9,2.0,1.4,2021-09-12,153,Terra,MODIS,100,6.03,317.7,2198.0,N,0
-9.8973,-60.236,455.8,1.0,1.0,2021-08-23,1741,Aqua,MODIS,100,6.03,329.1,774.3,D,0
-19.9736,-48.6215,455.8,1.5,1.2,2021-09-09,1643,Aqua,MODIS,100,6.03,323.2,1465.4,D,0
-6.4221,-53.2894,455.8,2.2,1.4,2021-08-08,1647,Aqua,MODIS,100,6.03,317.1,2407.8,D,0
-4.16,-42.4843,455.8,2.0,1.4,2021-10-26,1604,Aqua,MODIS,100,6.03,310.0,2163.4,D,0
-7.5033,-63.5053,455.8,2.0,1.4,2021-08-25,1730,Aqua,MODIS,100,6.03,309.2,2191.0,D,0
-7.8345,-66.9497,455.8,1.7,1.3,2021-08-14,1748,Aqua,MODIS,100,6.03,307.2,1648.6,D,0
-11.8413,-43.6394,455.5,1.2,1.1,2021-10-06,1627,Aqua,MODIS,100,6.03,331.2,961.1,D,0
-19.9621,-57.2804,455.5,1.4,1.2,2021-08-18,1720,Aqua,MODIS,100,6.03,330.2,1268.8,D,0
-12.1836,-60.7603,455.5,1.0,1.0,2021-08-27,1422,Terra,MODIS,100,6.03,315.5,777.2,D,0
-18.2503,-56.3674,455.4,1.2,1.1,2021-09-19,1721,Aqua,MODIS,100,6.03,400.1,992.1,D,0
-18.7915,-57.4894,455.4,1.3,1.1,2021-09-21,1418,Terra,MODIS,100,6.03,324.2,1101.1,D,0
-7.5078,-63.5166,455.4,2.0,1.4,2021-08-25,1730,Aqua,MODIS,100,6.03,310.4,2184.1,D,0
-12.3469,-44.1469,455.3,1.0,1.0,2021-10-04,1639,Aqua,MODIS,100,6.03,400.1,759.7,D,0
-20.0055,-47.6435,455.3,1.3,1.1,2021-09-09,1643,Aqua,MODIS,100,6.03,319.2,1177.8,D,0
-11.653,-43.5267,455.2,1.1,1.1,2021-09-23,135,Terra,MODIS,100,6.03,330.9,931.4,N,0
-13.6447,-59.8307,455.2,1.0,1.0,2021-08-05,231,Terra,MODIS,100,6.03,320.9,790.2,N,0
-19.3915,-46.6306,455.1,1.2,1.1,2021-09-09,1643,Aqua,MODIS,100,6.03,324.8,949.3,D,0
-20.1507,-57.6102,455.0,2.0,1.4,2021-09-20,1803,Aqua,MODIS,100,6.03,330.4,2149.2,D,0
-6.5685,-53.2128,455.0,1.3,1.1,2021-08-06,1659,Aqua,MODIS,100,6.03,327.4,1103.2,D,0
-7.0044,-63.045,455.0,1.0,1.0,2021-09-06,1754,Aqua,MODIS,100,6.03,311.7,787.3,D,0
-11.5101,-43.577,454.9,1.1,1.1,2021-09-23,135,Terra,MODIS,100,6.03,320.1,922.9,N,0
-7.0713,-52.6996,454.9,1.2,1.1,2021-08-22,1659,Aqua,MODIS,100,6.03,316.4,1016.7,D,0
-6.8521,-59.2558,454.9,1.1,1.0,2021-08-09,1730,Aqua,MODIS,100,6.03,315.0,841.1,D,0
-20.7336,-51.8424,454.7,1.2,1.1,2021-08-25,1726,Aqua,MODIS,100,6.03,335.6,971.8,D,0
-10.94,-57.1652,454.7,1.0,1.0,2021-08-25,1729,Aqua,MODIS,94,6.03,323.6,765.8,D,0
-17.0587,-57.3363,454.6,1.0,1.0,2021-10-03,1733,Aqua,MODIS,100,6.03,329.9,759.5,D,0
-20.2993,-55.9545,454.6,1.0,1.0,2021-08-25,1726,Aqua,MODIS,100,6.03,327.2,797.7,D,0
-19.0801,-57.0457,454.5,1.3,1.1,2021-09-19,1720,Aqua,MODIS,100,6.03,335.1,1131.6,D,0
-10.9464,-43.5171,454.5,1.0,1.0,2021-06-07,1633,Aqua,MODIS,100,6.03,316.1,770.6,D,0
-21.1718,-57.5876,454.4,1.2,1.1,2021-08-21,1750,Aqua,MODIS,100,6.03,332.4,1018.4,D,0
-11.4879,-43.523,454.4,1.1,1.1,2021-09-23,135,Terra,MODIS,100,6.03,326.2,924.0,N,0
-21.493,-44.6933,454.3,1.0,1.0,2021-09-09,1642,Aqua,MODIS,100,6.03,319.1,785.1,D,0
-8.2497,-43.636,454.2,1.3,1.1,2021-09-13,1621,Aqua,MODIS,100,6.03,334.9,1083.2,D,0
-8.6091,-62.5929,454.2,1.0,1.0,2021-07-29,1748,Aqua,MODIS,100,6.03,324.6,773.2,D,0
-19.6847,-56.7285,454.2,1.0,1.0,2021-10-03,1732,Aqua,MODIS,100,6.03,312.5,754.9,D,0
-12.7446,-62.2011,454.2,2.9,1.6,2021-10-11,1823,Aqua,MODIS,100,6.03,303.6,3562.0,D,0
-20.9786,-57.6502,454.1,2.0,1.4,2021-08-19,1803,Aqua,MODIS,100,6.03,400.1,1995.1,D,0
-10.1313,-44.5684,453.8,1.3,1.1,2021-09-20,1627,Aqua,MODIS,100,6.03,336.9,1035.2,D,0
-11.3465,-43.5889,453.7,1.1,1.1,2021-10-06,1627,Aqua,MODIS,100,6.03,400.1,896.7,D,0
-17.1173,-58.3112,453.7,1.5,1.2,2021-08-18,1721,Aqua,MODIS,100,6.03,330.1,1354.2,D,0
-6.3511,-41.2613,453.6,1.1,1.1,2021-09-06,1616,Aqua,MODIS,87,6.03,312.7,870.5,D,0
-9.1601,-67.0635,453.5,1.5,1.2,2021-08-24,1825,Aqua,MODIS,100,6.03,326.1,1286.0,D,0
-18.2035,-52.9402,453.5,3.4,1.7,2021-07-10,1425,Terra,MODIS,100,6.03,314.1,4519.9,D,0
-1.1319,-53.4791,453.5,1.0,1.0,2021-09-30,1707,Aqua,MODIS,100,6.03,309.3,765.6,D,0
-11.4073,-43.631,453.4,1.0,1.0,2021-10-04,1639,Aqua,MODIS,100,6.03,400.1,743.2,D,0
-8.5887,-64.1434,453.3,1.4,1.2,2021-08-14,1453,Terra,MODIS,100,6.03,306.6,1186.7,D,0
-10.1297,-44.5569,453.2,1.3,1.1,2021-09-20,1627,Aqua,MODIS,100,6.03,335.7,1018.8,D,0
-13.9781,-57.9981,453.2,1.3,1.1,2021-08-18,1722,Aqua,MODIS,100,6.03,334.4,1090.8,D,0
-8.7487,-63.1397,453.2,1.0,1.0,2021-08-05,1754,Aqua,MODIS,100,6.03,321.5,746.6,D,0
-12.4201,-46.6933,453.1,1.2,1.1,2021-09-15,1314,Terra,MODIS,100,6.03,333.8,966.4,D,0
-7.3972,-55.5171,453.1,1.0,1.0,2021-08-11,1717,Aqua,MODIS,100,6.03,328.9,769.9,D,0
-10.9406,-43.5493,453.1,1.3,1.1,2021-07-31,1302,Terra,MODIS,100,6.03,320.1,1029.4,D,0
-7.8554,-61.8171,453.0,1.1,1.0,2021-08-05,1754,Aqua,MODIS,100,6.03,331.1,841.9,D,0
-13.8779,-59.6875,452.7,1.3,1.1,2021-06-03,1406,Terra,MODIS,100,6.03,314.1,1025.7,D,0
-11.422,-43.7828,452.5,1.2,1.1,2021-10-06,1627,Aqua,MODIS,97,6.03,400.1,914.0,D,0
-14.806,-46.6417,452.5,1.2,1.1,2021-09-07,443,Aqua,MODIS,100,6.03,318.2,938.1,N,0
-7.9911,-61.7827,452.5,1.2,1.1,2021-08-16,1736,Aqua,MODIS,100,6.03,305.2,981.9,D,0
-11.5603,-43.388,452.4,1.1,1.1,2021-09-20,1627,Aqua,MODIS,87,6.03,342.1,864.5,D,0
-22.0891,-56.098,452.4,1.1,1.1,2021-08-22,1407,Terra,MODIS,100,6.03,324.8,876.9,D,0
-4.9776,-43.9211,452.4,1.0,1.0,2021-10-29,1635,Aqua,MODIS,100,6.03,320.1,729.6,D,0
-3.004,-50.5125,452.4,1.0,1.0,2021-10-18,1654,Aqua,MODIS,100,6.03,311.8,785.7,D,0
-11.3772,-43.5507,452.3,1.0,1.0,2021-10-04,1639,Aqua,MODIS,87,6.03,320.5,739.6,D,0
-6.347,-41.7473,452.3,1.2,1.1,2021-09-06,1616,Aqua,MODIS,94,6.03,316.3,919.6,D,0
-8.866,-46.4183,452.2,1.1,1.0,2021-08-01,1640,Aqua,MODIS,100,6.03,334.6,796.0,D,0
-19.0638,-49.5633,452.2,1.1,1.1,2021-09-07,1656,Aqua,MODIS,100,6.03,333.6,862.8,D,0
-9.2915,-60.8932,452.2,1.0,1.0,2021-08-23,1741,Aqua,MODIS,100,6.03,322.5,742.7,D,0
-19.4361,-41.2111,452.1,1.0,1.0,2021-09-18,1637,Aqua,MODIS,100,6.03,326.3,770.8,D,0
-6.6945,-55.824,452.1,1.2,1.1,2021-08-04,1711,Aqua,MODIS,94,6.03,323.9,960.1,D,0
-16.4011,-47.8279,452.1,1.1,1.0,2021-09-04,1334,Terra,MODIS,100,6.03,323.1,799.1,D,0
-10.4723,-64.2217,452.1,1.5,1.2,2021-08-07,1741,Aqua,MODIS,100,6.03,316.9,1307.7,D,0
-15.5751,-44.0283,452.0,1.1,1.1,2021-09-11,1632,Aqua,MODIS,100,6.03,335.7,848.4,D,0
-21.1481,-57.5677,452.0,1.2,1.1,2021-08-21,1750,Aqua,MODIS,100,6.03,325.1,982.7,D,0
-8.9184,-45.5892,451.8,1.0,1.0,2021-09-18,1640,Aqua,MODIS,100,6.03,332.7,727.1,D,0
-8.7591,-63.151,451.8,1.0,1.0,2021-08-05,1754,Aqua,MODIS,100,6.03,321.7,725.7,D,0
-17.5537,-46.7199,451.7,1.6,1.2,2021-09-17,1303,Terra,MODIS,100,6.03,320.0,1412.6,D,0
-17.0511,-57.3471,451.6,1.0,1.0,2021-10-03,1733,Aqua,MODIS,94,6.03,326.6,716.8,D,0
-17.2877,-57.3875,451.6,1.0,1.0,2021-10-24,229,Terra,MODIS,100,6.03,308.5,0.0,N,0
-19.2747,-57.4327,451.5,2.2,1.4,2021-09-20,1803,Aqua,MODIS,94,6.03,336.8,2236.3,D,0
-14.133,-44.9814,451.5,1.2,1.1,2021-09-11,1632,Aqua,MODIS,100,6.03,328.7,938.0,D,0
-14.9859,-43.239,451.4,1.0,1.0,2021-09-18,1638,Aqua,MODIS,100,6.03,332.1,713.9,D,0
-7.2248,-59.4396,451.3,1.0,1.0,2021-08-07,1742,Aqua,MODIS,100,6.03,313.1,767.6,D,0
-8.0905,-55.3079,451.2,1.2,1.1,2021-08-04,1711,Aqua,MODIS,100,6.03,339.0,902.8,D,0
-10.8952,-43.9269,451.2,3.0,1.7,2021-09-21,1710,Aqua,MODIS,100,6.03,321.6,3527.3,D,0
-7.3566,-55.6802,451.2,1.0,1.0,2021-08-11,1717,Aqua,MODIS,100,6.03,320.2,755.6,D,0
-17.9486,-51.5822,451.1,1.1,1.1,2021-09-19,1720,Aqua,MODIS,100,6.03,337.8,825.4,D,0
-8.5944,-43.1364,451.1,1.6,1.3,2021-09-10,1255,Terra,MODIS,100,6.03,330.8,1438.5,D,0
-7.0935,-59.4812,451.0,1.0,1.0,2021-08-07,1742,Aqua,MODIS,100,6.03,338.6,756.4,D,0
-22.0136,-57.6997,451.0,1.0,1.0,2021-08-22,1407,Terra,MODIS,100,6.03,336.8,718.8,D,0
-9.4187,-60.3135,450.9,1.3,1.1,2021-08-25,1729,Aqua,MODIS,100,6.03,321.1,1017.3,D,0
-12.8725,-42.8914,450.7,1.0,1.0,2021-10-04,1639,Aqua,MODIS,100,6.03,400.1,732.2,D,0
-10.4117,-61.283,450.7,1.0,1.0,2021-09-13,238,Terra,MODIS,100,6.03,311.5,717.9,N,0
-13.4188,-44.7462,450.6,1.0,1.0,2021-09-09,1645,Aqua,MODIS,100,6.03,340.1,701.9,D,0
-9.0287,-67.4106,450.6,1.4,1.2,2021-08-24,1825,Aqua,MODIS,100,6.03,315.9,1138.4,D,0
-3.4355,-54.6958,450.5,1.0,1.0,2021-10-14,1718,Aqua,MODIS,100,6.03,312.0,717.9,D,0
-11.8155,-52.8689,450.5,3.0,1.7,2021-06-27,1746,Aqua,MODIS,100,6.03,293.3,3589.6,D,0
-12.1284,-44.8149,450.4,1.4,1.2,2021-09-20,1627,Aqua,MODIS,100,6.03,336.1,1115.1,D,0
-21.1814,-48.4226,450.3,1.1,1.0,2021-08-22,1655,Aqua,MODIS,100,6.03,331.7,769.2,D,0
-6.7043,-55.8226,450.2,1.2,1.1,2021-08-04,1711,Aqua,MODIS,100,6.03,326.5,925.3,D,0
-5.3517,-51.2169,450.2,1.5,1.2,2021-08-24,1647,Aqua,MODIS,100,6.03,315.4,1229.4,D,0
-19.165,-46.7046,450.1,1.2,1.1,2021-09-09,1643,Aqua,MODIS,100,6.03,329.5,864.9,D,0
-6.6251,-54.935,450.1,1.0,1.0,2021-08-11,1717,Aqua,MODIS,100,6.03,327.5,700.2,D,0
-11.4562,-43.5087,450.0,1.2,1.1,2021-09-25,1645,Aqua,MODIS,100,6.03,327.0,850.9,D,0
-11.265,-44.0331,450.0,2.0,1.4,2021-10-08,1615,Aqua,MODIS,100,6.03,325.8,1843.9,D,0
-19.9727,-57.2789,450.0,1.4,1.2,2021-08-18,1720,Aqua,MODIS,100,6.03,324.9,1148.0,D,0
-20.3577,-55.9195,450.0,1.0,1.0,2021-08-25,1726,Aqua,MODIS,94,6.03,320.9,737.5,D,0
-10.8061,-45.81,449.9,1.0,1.0,2021-09-18,1639,Aqua,MODIS,87,6.03,326.9,742.5,D,0
-8.5866,-67.1139,449.8,1.8,1.3,2021-08-14,1748,Aqua,MODIS,100,6.03,314.9,1596.9,D,0
-21.6125,-49.7572,449.7,1.2,1.1,2021-08-22,1655,Aqua,MODIS,100,6.03,329.8,938.5,D,0
-6.3396,-58.1583,449.7,1.0,1.0,2021-08-09,1730,Aqua,MODIS,100,6.03,317.0,701.0,D,0
-1.1229,-53.4804,449.7,1.0,1.0,2021-09-30,1707,Aqua,MODIS,100,6.03,306.2,714.4,D,0
-11.7582,-45.1564,449.6,1.4,1.2,2021-09-20,1627,Aqua,MODIS,100,6.03,335.2,1169.0,D,0
-6.7028,-55.8118,449.5,1.2,1.1,2021-08-04,1711,Aqua,MODIS,100,6.03,324.4,914.2,D,0
-23.4445,-52.1248,449.5,1.0,1.0,2021-08-19,1336,Terra,MODIS,100,6.03,319.8,716.1,D,0
-8.2469,-42.9702,449.4,1.0,1.0,2021-10-06,1628,Aqua,MODIS,100,6.03,338.1,707.6,D,0
-12.6732,-57.3157,449.4,1.1,1.1,2021-06-04,1740,Aqua,MODIS,100,6.03,317.2,828.3,D,0
-6.6841,-55.831,449.3,1.2,1.1,2021-08-04,1711,Aqua,MODIS,94,6.03,322.3,914.6,D,0
-8.6919,-66.9859,449.3,1.5,1.2,2021-08-24,1825,Aqua,MODIS,100,6.03,311.3,1243.7,D,0
-12.7602,-45.9117,449.2,1.0,1.0,2021-09-16,1651,Aqua,MODIS,100,6.03,337.9,716.8,D,0
-19.2415,-57.2987,449.1,1.4,1.2,2021-09-19,1720,Aqua,MODIS,100,6.03,327.3,1089.1,D,0
-9.0074,-60.4643,449.1,1.1,1.0,2021-08-14,1748,Aqua,MODIS,100,6.03,325.1,743.9,D,0
-21.6131,-47.8251,449.0,1.0,1.0,2021-08-22,1655,Aqua,MODIS,100,6.03,327.9,716.8,D,0
-18.7814,-57.488,449.0,1.3,1.1,2021-09-21,1418,Terra,MODIS,100,6.03,311.9,979.1,D,0
-17.0564,-58.317,448.9,1.2,1.1,2021-08-18,508,Aqua,MODIS,100,6.03,400.1,836.6,N,0
-8.6002,-43.1812,448.9,1.0,1.0,2021-09-11,1634,Aqua,MODIS,100,6.03,326.3,681.4,D,0
-20.4915,-48.2755,448.9,2.3,1.5,2021-08-25,1259,Terra,MODIS,100,6.03,316.6,2347.9,D,0
-20.9272,-53.4711,448.8,1.0,1.0,2021-08-25,1726,Aqua,MODIS,100,6.03,338.5,701.4,D,0
-14.1652,-45.3111,448.8,1.1,1.0,2021-08-15,1651,Aqua,MODIS,100,6.03,330.1,747.8,D,0
-9.1833,-60.7875,448.8,1.0,1.0,2021-08-14,1748,Aqua,MODIS,94,6.03,319.0,716.8,D,0
-8.7638,-62.6161,448.8,1.2,1.1,2021-08-11,1422,Terra,MODIS,100,6.03,312.1,860.6,D,0
-7.3762,-55.6869,448.7,1.0,1.0,2021-08-11,1717,Aqua,MODIS,100,6.03,325.6,721.8,D,0
-11.8887,-43.6523,448.6,1.1,1.0,2021-10-08,1320,Terra,MODIS,100,6.03,330.9,755.4,D,0
-14.3411,-52.0555,448.6,1.4,1.2,2021-09-07,1657,Aqua,MODIS,100,6.03,329.7,1066.9,D,0
-9.903,-60.382,448.5,1.1,1.0,2021-07-31,1735,Aqua,MODIS,100,6.03,325.7,771.4,D,0
-19.2875,-57.4301,448.4,2.2,1.4,2021-09-20,1803,Aqua,MODIS,75,6.03,330.8,2106.1,D,0
-6.0898,-62.5098,448.4,1.1,1.0,2021-08-07,1742,Aqua,MODIS,100,6.03,315.1,750.6,D,0
-10.9297,-57.1574,448.3,1.0,1.0,2021-08-25,1729,Aqua,MODIS,100,6.03,323.7,676.0,D,0
-1.8211,-54.6694,448.3,1.0,1.0,2021-10-14,1719,Aqua,MODIS,100,6.03,307.6,702.3,D,0
-10.2477,-51.7823,448.1,2.3,1.5,2021-06-29,1735,Aqua,MODIS,100,6.03,320.3,2276.7,D,0
-11.232,-45.3031,448.0,1.1,1.1,2021-10-02,1651,Aqua,MODIS,100,6.03,337.3,798.2,D,0
-22.0795,-56.0965,448.0,1.1,1.1,2021-08-22,1407,Terra,MODIS,100,6.03,334.2,808.7,D,0
-11.4946,-43.4456,448.0,1.8,1.3,2021-09-22,1615,Aqua,MODIS,100,6.03,330.0,1538.6,D,0
-9.9033,-60.3379,448.0,2.8,1.6,2021-07-29,1453,Terra,MODIS,100,6.03,303.0,3035.6,D,0
-13.2028,-52.3109,447.9,1.4,1.2,2021-08-22,1657,Aqua,MODIS,100,6.03,327.5,1064.8,D,0
-12.1025,-44.8019,447.9,2.3,1.5,2021-09-22,1614,Aqua,MODIS,100,6.03,325.8,2275.7,D,0
-8.5881,-62.6486,447.9,1.1,1.1,2021-08-23,1742,Aqua,MODIS,100,6.03,322.0,811.4,D,0
-11.4838,-54.3058,447.9,1.4,1.2,2021-06-29,1734,Aqua,MODIS,100,6.03,320.3,1127.2,D,0
-17.027,-57.7868,447.9,1.0,1.0,2021-10-10,1739,Aqua,MODIS,100,6.03,319.1,678.1,D,0
-11.186,-45.6659,447.8,2.2,1.4,2021-09-21,1710,Aqua,MODIS,100,6.03,332.9,2075.4,D,0
-8.5483,-62.6538,447.8,1.4,1.2,2021-07-31,1736,Aqua,MODIS,100,6.03,322.9,1101.0,D,0
-7.8873,-55.0291,447.8,1.0,1.0,2021-08-18,1723,Aqua,MODIS,100,6.03,320.1,693.1,D,0
-6.7612,-59.3143,447.8,2.1,1.4,2021-08-20,1711,Aqua,MODIS,100,6.03,305.2,2050.3,D,0
-9.1375,-60.5731,447.7,1.3,1.1,2021-08-25,1729,Aqua,MODIS,100,6.03,314.0,1005.3,D,0
-22.2342,-48.0121,447.6,1.1,1.0,2021-08-22,1655,Aqua,MODIS,100,6.03,326.0,725.1,D,0
-18.2121,-56.3391,447.6,2.5,1.5,2021-09-19,1430,Terra,MODIS,100,6.03,318.8,2519.0,D,0
-6.7569,-59.3025,447.6,1.3,1.1,2021-08-18,1724,Aqua,MODIS,100,6.03,308.4,959.3,D,0
-9.4237,-70.4622,447.5,1.0,1.0,2021-08-24,1825,Aqua,MODIS,94,6.03,324.2,673.7,D,0
-20.202,-58.09,447.4,1.0,1.0,2021-08-23,1738,Aqua,MODIS,100,6.03,334.6,659.8,D,0
-11.9281,-51.0621,447.4,1.0,1.0,2021-08-29,1704,Aqua,MODIS,100,6.03,327.2,673.7,D,0
-9.9183,-60.3661,447.4,2.1,1.4,2021-07-30,1358,Terra,MODIS,100,6.03,315.5,1978.1,D,0
-20.1436,-57.5714,447.3,2.1,1.4,2021-09-20,1803,Aqua,MODIS,100,6.03,318.1,1899.0,D,0
-6.6124,-59.9479,447.3,1.2,1.1,2021-07-29,1748,Aqua,MODIS,100,6.03,316.5,839.7,D,0
-6.9351,-59.288,447.3,2.1,1.4,2021-08-12,1800,Aqua,MODIS,87,6.03,302.5,1949.9,D,0
-20.733,-51.3603,447.2,1.0,1.0,2021-08-19,1336,Terra,MODIS,100,6.03,324.9,683.9,D,0
-20.5664,-57.7018,447.1,1.5,1.2,2021-09-13,1757,Aqua,MODIS,100,6.03,323.9,1232.0,D,0
-9.2185,-63.6458,447.0,1.0,1.0,2021-08-12,1800,Aqua,MODIS,100,6.03,321.8,699.3,D,0
-10.783,-45.8969,446.9,1.1,1.0,2021-09-18,1639,Aqua,MODIS,94,6.03,335.6,704.4,D,0
-6.8471,-55.8165,446.9,1.1,1.0,2021-08-09,1730,Aqua,MODIS,94,6.03,316.2,761.3,D,0
-11.3889,-43.5678,446.8,1.0,1.0,2021-10-04,1639,Aqua,MODIS,100,6.03,332.5,660.4,D,0
-8.8825,-62.4045,446.8,1.0,1.0,2021-08-14,1748,Aqua,MODIS,100,6.03,321.0,665.6,D,0
-12.0883,-43.0839,446.7,1.0,1.0,2021-10-10,1308,Terra,MODIS,100,6.03,337.4,660.5,D,0
-19.0617,-48.2124,446.7,1.0,1.0,2021-09-14,1702,Aqua,MODIS,100,6.03,334.4,661.2,D,0
-8.4548,-55.2822,446.7,1.9,1.4,2021-08-06,1659,Aqua,MODIS,100,6.03,316.0,1704.9,D,0
-8.2041,-43.9604,446.6,1.4,1.2,2021-08-12,1621,Aqua,MODIS,100,6.03,321.8,1020.3,D,0
-8.139,-43.2229,446.6,1.7,1.3,2021-09-16,1652,Aqua,MODIS,100,6.03,320.9,1402.8,D,0
-20.4047,-47.8569,446.5,1.1,1.1,2021-09-05,1707,Aqua,MODIS,94,6.03,335.8,760.9,D,0
-17.1324,-56.5471,446.5,1.9,1.3,2021-09-21,1709,Aqua,MODIS,100,6.03,322.1,1634.9,D,0
-13.6434,-59.8214,446.5,1.0,1.0,2021-08-05,231,Terra,MODIS,100,6.03,320.1,675.3,N,0
-19.0344,-57.3152,446.4,1.0,1.0,2021-07-06,1739,Aqua,MODIS,100,6.03,328.5,666.3,D,0
-6.4016,-51.7151,446.4,1.0,1.0,2021-08-13,1705,Aqua,MODIS,100,6.03,304.1,656.1,D,0
-3.6412,-41.5432,446.3,2.2,1.4,2021-10-03,1558,Aqua,MODIS,100,6.03,320.5,2045.9,D,0
-9.9153,-43.6872,446.2,1.5,1.2,2021-09-20,1332,Terra,MODIS,100,6.03,327.3,1209.2,D,0
-6.5777,-45.4411,446.1,1.1,1.0,2021-08-08,1646,Aqua,MODIS,100,6.03,327.9,705.0,D,0
-15.4751,-44.5552,446.0,1.1,1.0,2021-09-16,1650,Aqua,MODIS,100,6.03,339.6,739.5,D,0
-18.2546,-56.4011,445.9,1.2,1.1,2021-09-19,1721,Aqua,MODIS,100,6.03,400.1,825.5,D,0
-5.0107,-56.2002,445.9,1.0,1.0,2021-08-18,1724,Aqua,MODIS,100,6.03,312.1,650.7,D,0
-4.4857,-43.2637,445.9,4.5,1.9,2021-09-21,1235,Terra,MODIS,100,6.03,297.1,5656.7,D,0
-7.3881,-55.5184,445.8,1.0,1.0,2021-08-11,1717,Aqua,MODIS,100,6.03,323.8,674.3,D,0
-9.8795,-64.2388,445.8,1.0,1.0,2021-08-25,1434,Terra,MODIS,100,6.03,314.8,661.1,D,0
-19.8684,-57.5752,445.8,1.3,1.1,2021-09-21,1418,Terra,MODIS,100,6.03,313.3,943.8,D,0
-20.6967,-47.4882,445.8,2.5,1.5,2021-09-09,1353,Terra,MODIS,100,6.03,306.1,2457.8,D,0
-18.2419,-56.38,445.7,1.2,1.1,2021-09-19,1721,Aqua,MODIS,100,6.03,400.1,820.7,D,0
-6.8565,-55.815,445.7,1.1,1.0,2021-08-09,1730,Aqua,MODIS,100,6.03,322.2,741.9,D,0
-9.1382,-62.4302,445.6,1.1,1.1,2021-08-23,1741,Aqua,MODIS,100,6.03,329.3,762.2,D,0
-19.686,-56.7381,445.6,1.0,1.0,2021-10-03,1732,Aqua,MODIS,100,6.03,319.2,643.8,D,0
-6.5467,-53.2042,445.6,1.3,1.1,2021-08-06,1659,Aqua,MODIS,100,6.03,317.0,922.1,D,0
-8.1694,-55.4324,445.5,1.2,1.1,2021-08-04,1711,Aqua,MODIS,100,6.03,327.6,830.3,D,0
-14.9825,-43.3093,445.5,1.3,1.1,2021-09-16,1650,Aqua,MODIS,100,6.03,327.0,926.1,D,0
-19.3411,-57.3413,445.5,1.1,1.0,2021-09-14,1412,Terra,MODIS,87,6.03,319.6,736.8,D,0
-9.1477,-62.4289,445.4,1.1,1.1,2021-08-23,1741,Aqua,MODIS,100,6.03,322.0,760.3,D,0
-11.3114,-57.735,445.4,1.1,1.1,2021-06-04,1741,Aqua,MODIS,100,6.03,310.8,758.5,D,0
-6.7812,-44.3927,445.2,1.0,1.0,2021-07-16,1640,Aqua,MODIS,100,6.03,327.5,654.7,D,0
-8.2049,-55.4539,445.2,1.2,1.1,2021-08-04,1711,Aqua,MODIS,100,6.03,321.2,837.6,D,0
-7.9584,-61.2206,445.2,1.2,1.1,2021-08-21,1754,Aqua,MODIS,100,6.03,315.3,801.8,D,0
-9.89,-43.6764,445.1,3.3,1.7,2021-09-21,1710,Aqua,MODIS,100,6.03,328.4,3563.6,D,0
-11.3354,-43.7281,445.1,1.9,1.3,2021-10-08,1615,Aqua,MODIS,100,6.03,323.2,1580.5,D,0
-8.5906,-67.1201,445.1,1.8,1.3,2021-08-14,1748,Aqua,MODIS,100,6.03,312.2,1458.4,D,0
-6.9772,-59.8037,445.1,1.8,1.3,2021-07-26,1718,Aqua,MODIS,100,6.03,303.7,1490.6,D,0
-21.3616,-49.1169,444.9,1.0,1.0,2021-09-21,1707,Aqua,MODIS,100,6.03,335.2,636.8,D,0
-19.1754,-46.7377,444.9,1.2,1.1,2021-09-08,1310,Terra,MODIS,100,6.03,320.2,829.1,D,0
-7.5719,-55.1892,444.8,1.0,1.0,2021-08-11,1717,Aqua,MODIS,100,6.03,327.9,644.8,D,0
-11.5326,-43.4698,444.7,3.2,1.7,2021-09-21,1710,Aqua,MODIS,100,6.03,330.3,3374.0,D,0
-8.2896,-61.4099,444.7,1.0,1.0,2021-08-07,1742,Aqua,MODIS,100,6.03,324.7,656.9,D,0
-21.5206,-48.4566,444.6,1.0,1.0,2021-07-19,1707,Aqua,MODIS,100,6.03,319.1,678.9,D,0
-7.4759,-61.3797,444.6,1.0,1.0,2021-08-07,1742,Aqua,MODIS,100,6.03,317.8,648.4,D,0
-11.8394,-43.6654,444.5,1.1,1.0,2021-10-08,1320,Terra,MODIS,100,6.03,338.4,695.9,D,0
-22.1562,-49.076,444.5,1.0,1.0,2021-08-20,1707,Aqua,MODIS,100,6.03,331.2,635.5,D,0
-11.3745,-43.5322,444.5,1.0,1.0,2021-10-04,1639,Aqua,MODIS,94,6.03,326.0,641.7,D,0
-19.877,-57.589,444.5,1.3,1.1,2021-09-21,1418,Terra,MODIS,100,6.03,316.7,919.3,D,0
-2.9247,-53.0319,444.5,1.0,1.0,2021-10-07,1712,Aqua,MODIS,100,6.03,311.6,650.6,D,0
-5.0887,-45.2418,444.5,1.1,1.1,2021-10-11,1647,Aqua,MODIS,100,6.03,311.2,736.2,D,0
-9.5339,-64.0989,444.5,1.4,1.2,2021-09-08,1741,Aqua,MODIS,100,6.03,311.1,1058.1,D,0
-2.3898,-49.0004,444.5,1.5,1.2,2021-10-13,1636,Aqua,MODIS,100,6.03,304.8,1181.3,D,0
-6.7057,-55.8195,444.4,1.1,1.1,2021-08-04,1415,Terra,MODIS,100,6.03,324.5,776.4,D,0
-17.4846,-58.0123,444.4,1.1,1.0,2021-10-01,1745,Aqua,MODIS,100,6.03,322.2,709.8,D,0
-8.4049,-62.7562,444.4,1.1,1.1,2021-08-23,1742,Aqua,MODIS,100,6.03,321.7,765.7,D,0
-15.3476,-41.1058,444.4,1.1,1.1,2021-10-04,1638,Aqua,MODIS,94,6.03,320.1,764.2,D,0
-8.2177,-42.9585,444.3,1.1,1.0,2021-10-08,1319,Terra,MODIS,100,6.03,325.6,685.6,D,0
-10.5764,-63.506,444.3,1.0,1.0,2021-08-05,1753,Aqua,MODIS,100,6.03,323.0,633.2,D,0
-11.8023,-64.9924,444.3,1.0,1.0,2021-09-20,1805,Aqua,MODIS,100,6.03,317.9,647.2,D,0
-2.2036,-46.9905,444.3,1.0,1.0,2021-11-21,1642,Aqua,MODIS,100,6.03,309.1,642.3,D,0
-9.8991,-43.6807,444.2,1.1,1.1,2021-09-20,1627,Aqua,MODIS,100,6.03,400.1,728.2,D,0
-8.8475,-46.4209,444.2,1.1,1.0,2021-08-01,1640,Aqua,MODIS,100,6.03,326.0,682.6,D,0
-8.3248,-54.9122,444.2,1.1,1.1,2021-08-04,1711,Aqua,MODIS,100,6.03,325.8,747.4,D,0
-8.6078,-62.5838,444.2,1.0,1.0,2021-07-29,1748,Aqua,MODIS,100,6.03,315.5,641.7,D,0
-9.7745,-64.9748,444.2,1.0,1.0,2021-09-29,1800,Aqua,MODIS,100,6.03,309.0,630.7,D,0
-2.926,-53.041,444.2,1.0,1.0,2021-10-07,1712,Aqua,MODIS,100,6.03,308.7,644.9,D,0
-19.0329,-57.3056,444.1,1.0,1.0,2021-07-06,1739,Aqua,MODIS,100,6.03,326.9,637.0,D,0
-21.8564,-57.7717,444.1,1.0,1.0,2021-08-22,1407,Terra,MODIS,100,6.03,326.2,631.6,D,0
-12.5661,-44.4966,444.1,1.0,1.0,2021-07-20,1321,Terra,MODIS,100,6.03,325.7,649.0,D,0
-17.1835,-57.6616,444.1,1.0,1.0,2021-10-10,1739,Aqua,MODIS,100,6.03,324.6,634.0,D,0
-13.8861,-59.6771,444.1,1.0,1.0,2021-06-04,1740,Aqua,MODIS,100,6.03,323.2,629.3,D,0
-7.8359,-66.9563,444.1,1.7,1.3,2021-08-14,1748,Aqua,MODIS,100,6.03,308.1,1325.8,D,0
